Activity,Complexity,Tag
0.0161727469562222,0.0285586825156795,1
0.0150889541162774,0.0584504689759527,1
0.00979674162632202,0.0665960651637501,1
0.00753766764958518,0.0409369705612397,1
0.00574454263480796,0.0488271826467144,1
0.00611133367401476,0.0364855601315657,1
0.00705926130362653,0.0406120132914649,1
0.00682836229323528,0.0387910235606613,1
0.00712490509440744,0.0451637695677464,1
0.00723669262588255,0.0463264615732036,1
0.00722911363069538,0.0353284253948909,1
0.00725740953166668,0.0244003883760657,1
0.00875081229446173,0.0281777523950467,1
0.00748657768565578,0.029516668203298,1
0.00731962211654448,0.0266740301312468,1
0.0067508800413066,0.0419951879545229,1
0.00454237486443662,0.028153057288268,1
0.00378912315874865,0.0225815232326295,1
0.00405761302161209,0.0179086005268396,1
0.00594736102766646,0.0261907284899449,1
0.00809596674165708,0.0419842354976253,1
0.0106296090414049,0.0891704486273226,1
0.0103739438527326,0.0949606534144845,1
0.0104313825336533,0.0856959370868002,1
0.00978728055385661,0.0850422976187723,1
0.00874686827534573,0.078134066162186,1
0.00816661351060855,0.0719059263412407,1
0.00510112673110108,0.0499183098885302,1
0.00321574506936682,0.0551521202265253,1
0.00395902778985176,0.0559681916528286,1
0.00373467772344521,0.046139787387034,1
0.00407168009943905,0.0479783479633726,1
0.0039070580634997,0.0298537627618178,1
0.00419929972342105,0.0366880155636091,1
0.00438375935190611,0.0403664959724038,1
0.00491409769683496,0.0467178735084013,1
0.00402705706710865,0.0343766143878799,1
0.00499247084272814,0.0448672616682191,1
0.00808572467446764,0.0340785739973711,1
0.0317557613645744,0.0525122633140738,1
0.114625717022818,0.084323121792621,1
0.160358134943357,0.0760345220907597,1
0.284671068356577,0.0873133913530607,1
0.295627440502295,0.0655255050221049,1
0.289318385080398,0.0654713730820039,1
0.251840563352015,0.0605497403828756,1
0.213964856049053,0.0548286659386088,1
0.190473521856024,0.0509411251543943,1
0.151702518746199,0.0432078760100386,1
0.105876719901943,0.0273688054640786,1
0.0944666934971461,0.0285078052543902,1
0.0693799232118752,0.0272491542260545,1
0.0784326349675779,0.0361842304679216,1
0.0959787858399277,0.0575754189955657,1
0.0966972651400013,0.0350961507298986,1
0.0967363409323978,0.025265135214678,1
0.0996180992494972,0.0238108932492911,1
0.0948728361912331,0.0258542600129553,1
0.0696592418960524,0.0170573079295362,1
0.0586193513978521,0.0162790368608231,1
0.0582605928998756,0.0159490479711102,1
0.0585817776978232,0.0138572828802649,1
0.0763845746003939,0.0222722085030461,1
0.0712965727940982,0.0196619626004252,1
0.0966645255305233,0.0414452888431562,1
0.0970677216140258,0.0339168352566017,1
0.0979984016129005,0.0405587423390752,1
0.0707277786906923,0.0309355977762912,1
0.0610937986562044,0.0313738229014366,1
0.066858484375045,0.02869670180507,1
0.0821703620971474,0.035292985018575,1
0.0850924237833002,0.0364217274812624,1
0.0979133977225567,0.0440853505428579,1
0.123257671025622,0.0575753895004372,1
0.160249971758429,0.071765284484599,1
0.167390364849747,0.197248713134857,1
0.108387389597356,0.137366703519334,1
0.0726560638493962,0.0998711121990497,1
0.040640757269021,0.0559947061575432,1
0.0209398606840974,0.0470729257375846,1
0.0186322579280099,0.0410052520290689,1
0.0190532157698721,0.0325901087752319,1
0.0211027602601045,0.0399233897667469,1
0.0367225002710173,0.0679094443614313,1
0.0333299570100367,0.0541756057925658,1
0.029811126631091,0.0499910927134997,1
0.0271946793204733,0.0407806007464407,1
0.0240120964446935,0.032286920688845,1
0.0212453524050412,0.0258307457424799,1
0.0226763978469849,0.0295341551572653,1
0.0255347099439052,0.0300501950001668,1
0.0239203795660977,0.0338945427443403,1
0.023460948894223,0.0333980556033984,1
0.0133027514955838,0.0164584944079319,1
0.0161773574440681,0.0212801889490262,1
0.0196522394802258,0.0229926070978966,1
0.0230949823578347,0.0243429542172659,1
0.025175548974122,0.0250847096488047,1
0.0325880729281998,0.0330522406635403,1
0.0290011580882319,0.0273167106114401,1
0.0187420797775955,0.0180501741469297,1
0.0166342828688388,0.0150423959397281,1
0.0167520893560273,0.0170866086296405,1
0.0117872667169186,0.0130869421142773,1
0.0135285250276204,0.0157503753427217,1
0.0136269665958735,0.0131672582980959,1
0.0227023295938323,0.0130632250853542,1
0.0261994168373667,0.0136748734039281,1
0.0287246123423494,0.0118426899104354,1
0.0492044977962769,0.0160297014978197,1
0.0591870576634002,0.00393606077771039,1
0.195989856237126,0.015711363660541,1
0.321533610797867,0.0263025602807946,1
0.358602090724864,0.0259591123087716,1
0.348410087560216,0.026237102878016,1
0.361731594643254,0.0216735997536872,1
0.489510729799071,0.028700192577444,1
0.479593245136586,0.0226717379997725,1
0.486035559832697,0.0200842463365694,1
0.336674227477436,0.0141835299259049,1
0.199285558944911,0.00911248783056676,1
0.203420396954613,0.014793207172971,1
0.315766563496794,0.0236483404162344,1
0.345976607961572,0.0203395042377597,1
0.287272659386113,0.0131820214746832,1
0.342191239367959,0.0231731233543019,1
0.422882162815374,0.0306271444358722,1
0.468564908351234,0.0416854086361797,1
0.54902081091168,0.0732440766283343,1
0.630476555710415,0.0791007083451962,1
0.741325633939951,0.0821659305833856,1
0.830521079258497,0.0936075628110552,1
0.563541431844702,0.0975594501472792,1
0.263221570608391,0.0983933239014123,1
0.191578406896158,0.143284637562383,1
0.143866156439162,0.115287562361453,1
0.114153883571098,0.0878306483982991,1
0.0725162511450081,0.065226609983295,1
0.0435154150290746,0.0403507102208864,1
0.0233991464859092,0.0276237881881399,1
0.0249477179185907,0.0529408039921006,1
0.0197333354676989,0.0412231460000028,1
0.0128132814375129,0.0286358134403406,1
0.0133676267773638,0.0143936325297479,1
0.0566085982932841,0.040859016083049,1
0.103249366883668,0.0604216182724472,1
0.115227708425782,0.0609247274163133,1
0.117770156928512,0.0460713110502645,1
0.115002643320455,0.0468679151084998,1
0.106966408537093,0.0421715689827014,1
0.11253858741774,0.0439223247841733,1
0.106917243309297,0.040285741990638,1
0.104590122341575,0.0353092162135126,1
0.105669160607497,0.0466333628828386,1
0.0842195194182509,0.0570087071949128,1
0.0400325490478065,0.0286612283380992,1
0.0331864117489807,0.0227412692755718,1
0.0375588692550376,0.045112711979455,1
0.0352689377429816,0.0402258814412707,1
0.0281634414859915,0.0385801365518786,1
0.0213090361899526,0.032625017315024,1
0.0461657852919025,0.0487046620977384,1
0.0896862311064595,0.106509514161064,1
0.101863444274962,0.088573361268558,1
0.0865390812808356,0.062859447094528,1
0.0774836001894751,0.0553643160983334,1
0.0906398884709439,0.0599650362611851,1
0.0863027049404613,0.0511207906683377,1
0.0710548098267888,0.0462961710527228,1
0.0444519404170406,0.0268539181188846,1
0.0293733655459725,0.0155625878718786,1
0.0404010989162469,0.0213272655895901,1
0.0813225752451728,0.0379067606787529,1
0.10118095474972,0.0329520771571389,1
0.144514058691321,0.0107771702178843,1
0.386558439734247,0.0284678545489316,1
0.393551450797878,0.015586902343086,1
0.393043211866715,0.0162995719450422,1
0.401498452317745,0.0107907707747108,1
0.428454262219266,0.0127961688651143,1
0.359085968506822,0.00869679236053345,1
0.34452920625485,0.00884208420677315,1
0.345882088845742,0.00890960902839213,1
0.369125659790622,0.00898960604413498,1
0.436674171038489,0.0249544461502675,1
0.340110359011688,0.020532379805535,1
0.405671170576807,0.0435502207663983,1
0.538674488388131,0.052170490598813,1
0.60310247512576,0.20041237399527,1
0.481697439669831,0.173798785288175,1
0.417386500415784,0.184454090729798,1
0.339726785747499,0.138086329803938,1
0.184257686745625,0.0913143053449987,1
0.0894786495093528,0.100145688995543,1
0.0515454585454387,0.0536453299180511,1
0.0346067791921866,0.0319690367442645,1
0.0179222500030612,0.0164226413028682,1
0.0169511137980516,0.0249093810111029,1
0.0165251437946967,0.0234685597884244,1
0.0140192836662076,0.019471202082327,1
0.0134991528209727,0.0162414217878852,1
0.0142954710566482,0.02046755581112,1
0.0166390247148054,0.0273559193070799,1
0.0298520460112914,0.038979800971718,1
0.0332384152062616,0.0345896288894834,1
0.0462316786575563,0.0332244077647459,1
0.0874906444109567,0.0628321448117245,1
0.0845003408843637,0.0432081700391457,1
0.0789044245226512,0.0347927567530034,1
0.0700428194990415,0.0237360555323171,1
0.0617838586452515,0.0206657428994075,1
0.0608018426343726,0.00800011064750402,1
0.0610142198243675,0.00620768999158312,1
0.0592099530318309,0.00719696746471847,1
0.0642627468394117,0.00936144034699566,1
0.0646832768917747,0.0104208015499346,1
0.0599226517986616,0.00811430019556745,1
0.0605522506612709,0.0114391656863595,1
0.0866634759563623,0.0121982689280453,1
0.148922776048522,0.0268070772007976,1
0.135698743791388,0.0252350184936242,1
0.116417891726928,0.0284656449783849,1
0.119098846852306,0.0313337391373421,1
0.106326089646801,0.0229567745280476,1
0.112965425625797,0.021773709477491,1
0.1094366885922,0.0211355973240196,1
0.10650855045865,0.0203398552323161,1
0.139240778461714,0.0235857744114814,1
0.175374989477765,0.0256212158280013,1
0.176750332169958,0.0213700572156097,1
0.221758453962743,0.0267141020891778,1
0.204875110305339,0.0220984081918853,1
0.15955175753763,0.0174581639906679,1
0.142733988899808,0.0182552471526315,1
0.130390823219257,0.0189614277128901,1
0.10262267972219,0.015959209217941,1
0.104493239021517,0.0184406669700102,1
0.10003022971667,0.0201478674729712,1
0.0935796871629483,0.0291361123620151,1
0.0937241251053478,0.0428459303349812,1
0.0532129680843978,0.0312774343819169,1
0.0533624956320197,0.041081493828848,1
0.0444342656489404,0.0355918228667295,1
0.0735111423319166,0.0417257875836685,1
0.112684621256174,0.0615608106941754,1
0.111893409926918,0.061926552074834,1
0.132668754678865,0.0560897959119838,1
0.218481747242736,0.079703913475744,1
0.30785406280037,0.10046837620218,1
0.302478711009577,0.0746235885262644,1
0.227884075258002,0.0564003668863298,1
0.188829484309969,0.0461744991641852,1
0.107128288632349,0.030999249393728,1
0.0740698405972934,0.0298770935821162,1
0.0660568139471632,0.0224342725806556,1
0.0576615884568743,0.018737385589085,1
0.0463287546043475,0.0197388585925133,1
0.0473673260634643,0.0210357979030962,1
0.0394474914254448,0.0129704164576161,1
0.035403458165891,0.0217693111649496,1
0.0443127541599246,0.0181073645721198,1
0.0566926862766909,0.0225220353628448,1
0.0739362159803263,0.0273090822669995,1
0.0800970321335165,0.0167831586433556,1
0.178365081282615,0.0320788561587297,1
0.151054794347214,0.0231433508260619,1
0.138103528490049,0.0203812500556858,1
0.130888034649498,0.0165501143724839,1
0.124119261761729,0.0161458075147417,1
0.107749403666278,0.0108038397454511,1
0.118121600399761,0.00860298348718148,1
0.121138448011332,0.00863019318259577,1
0.122459217639461,0.00735215516629044,1
0.111777903056372,0.008852431336127,1
0.0902747872166353,0.00807857787136176,1
0.0908847829834864,0.0081897657191712,1
0.0947937017390784,0.00995700112102696,1
0.0887044340204527,0.00992536902587633,1
0.10109431200854,0.0129674572408474,1
0.132561435394926,0.0247288854303563,1
0.17697450415353,0.0521199077737717,1
0.139529091706213,0.0307778453706934,1
0.139960320629369,0.0369668050573672,1
0.152498708169521,0.0303972245415281,1
0.148290675321922,0.0226061516146656,1
0.142912515889453,0.0231953531283262,1
0.131030696362819,0.0183989209433823,1
0.13034466169075,0.0176244746228652,1
0.148633710475208,0.0188021778335102,1
0.153400931204851,0.0140292094705305,1
0.164899563261774,0.0136460047493297,1
0.176501568519106,0.0122832870591462,1
0.220910466208439,0.0165174030148546,1
0.239775281102044,0.0192975594663172,1
0.219540190791319,0.0181640859521946,1
0.200397018351611,0.0171235868272783,1
0.198283001694573,0.0198225051851907,1
0.216423244713746,0.0206216766473694,1
0.244344513809768,0.0134535730367402,1
0.285130995768316,0.0198773431929973,1
0.245719121000204,0.0195532528334134,1
0.254020933419885,0.0287858993813955,1
0.211897420538338,0.0274612606725419,1
0.206238627653383,0.0253408353272758,1
0.310161911580747,0.038580245768879,1
0.401833827414465,0.0483524216262935,1
0.46986009141871,0.0542133144175376,1
0.358778614882704,0.057238754132508,1
0.321823023054851,0.119357280531899,1
0.326547121855313,0.131359042111604,1
0.239674731711995,0.0841454422458544,1
0.123303859468141,0.0535501242188933,1
0.0660301690478134,0.0281262356014199,1
0.0244989486363596,0.0145790264407807,1
0.0352544275657644,0.0337869179061686,1
0.0409914521293117,0.0383228554873905,1
0.0583034268569256,0.0647382080560224,1
0.0893115503089024,0.0768854538771048,1
0.121982196780644,0.0750526987896965,1
0.0955221044136338,0.044112388750484,1
0.089216659737789,0.0369091860484911,1
0.090535456791468,0.0408541991103701,1
0.058788029129974,0.0289653980925382,1
0.0497209653832102,0.0256613395357724,1
0.0475104047219158,0.0279350333005597,1
0.0349959424740897,0.0208696272767571,1
0.0339107973562233,0.0119579954838863,1
0.0741504522159895,0.0252796464386784,1
0.0861695672460317,0.0340255048700451,1
0.0689373001618283,0.0268434431821384,1
0.104010447585985,0.0213660109127196,1
0.127248396262541,0.0152506167109517,1
0.113376052803558,0.0126753868527544,1
0.108464605390231,0.00955259379737122,1
0.113022761361839,0.00945728405039445,1
0.11022164365512,0.00750682756199057,1
0.139246173070833,0.0125683418064396,1
0.16277766400097,0.0170778443482238,1
0.170936228438068,0.0142092714372531,1
0.172584968228182,0.012289742862578,1
0.150026156618381,0.0189064668602746,1
0.139644265470579,0.039443990592896,1
0.136214123892363,0.0310974737949207,1
0.139701571651703,0.0411157480644385,1
0.125389790612434,0.036960931512326,1
0.136327491569181,0.0264590230320639,1
0.140210985434573,0.0120855021091269,1
0.257679651349127,0.0242263524600588,1
0.285357623686985,0.00789173919209089,1
0.342289847077257,0.0128619201045963,1
0.379285303681822,0.0146617718486334,1
0.384251401025475,0.0086445295164632,1
0.549618610075421,0.0128626549647847,1
0.697263500667334,0.0179188090246676,1
0.725993756325134,0.0126893936468682,1
0.699552306700906,0.0112459164538009,1
0.717630829965564,0.0134825785585943,1
0.672161320783594,0.00925594895715444,1
0.66929802349573,0.0157153543427742,1
0.584552412221883,0.0127188039999185,1
0.583656669703635,0.00943386510124117,1
0.691130017941575,0.0165273524032413,1
0.653167960093728,0.0209829913954812,1
0.596167672868647,0.0173888658604467,1
0.625327371681013,0.0239835906654591,1
0.669336191636705,0.0408538618579733,1
0.356618825813728,0.022780447649153,1
0.265055117546836,0.0284061502745184,1
0.244536301380783,0.0266973581881045,1
0.0882875541499441,0.00660920213516502,1
0.048827162940036,0.0139437209646655,1
0.0503252174187325,0.0152268253574862,1
0.0432842813594956,0.0185055520069406,1
0.0445537743619098,0.0255245379630784,1
0.0677736668698617,0.0335331054385015,1
0.0583001041161487,0.0233424529690198,1
0.0446911499191506,0.0218071519890287,1
0.044778063860189,0.0264380330942689,1
0.0639269837915843,0.0388053710575288,1
0.0553252222766172,0.0125576248677879,1
0.0455360763040958,0.00819886085644678,1
0.0426566948151733,0.00964692104945021,1
0.0653932335699487,0.0105255505272468,1
0.085836544213673,0.0116459665914156,1
0.0856734338747286,0.0104541755995614,1
0.101847880898932,0.0140024227582652,1
0.0925961654771455,0.00872637437647818,1
0.0969937312696741,0.0095679833582386,1
0.0963708546347869,0.00625448368650919,1
0.117233119725334,0.0143860274688666,1
0.0987397085733145,0.00956610946415203,1
0.0984563354578451,0.00908802078583896,1
0.117876496379229,0.0111019536211173,1
0.126563740285847,0.0101417052235181,1
0.126840435901739,0.00771763350297368,1
0.172245120429516,0.0141400478754812,1
0.17547193537948,0.0158393287617144,1
0.140390793405449,0.0115223587415619,1
0.123383047147068,0.0110168982128785,1
0.161456960108927,0.014808432615821,1
0.176034862108722,0.0137745547873445,1
0.131581846853652,0.0078821192952531,1
0.135349711203461,0.00905913510321081,1
0.135328591854139,0.0128308767963682,1
0.118242028745908,0.0153353133350699,1
0.123125869567933,0.0162933246403036,1
0.148561357947049,0.021559315656771,1
0.132739852915408,0.0169391184873216,1
0.127490282320369,0.0194120186218497,1
0.103792390672051,0.0198920478457109,1
0.0766687058973308,0.0161399964926952,1
0.0879794135606949,0.0227829768023479,1
0.0654408565696733,0.0155902904676656,1
0.131740476889611,0.0283058709211811,1
0.142133635566093,0.025707555389681,1
0.143171181032263,0.0186020322330955,1
0.140751912058562,0.0147366349897432,1
0.140585713686183,0.0180527029232997,1
0.174813647067926,0.0193852801981499,1
0.209521287808058,0.0156300622519773,1
0.208517836955977,0.014345975098403,1
0.267893008455413,0.0182571058706487,1
0.28474211930556,0.0229768681326935,1
0.213695781784238,0.0177001835813761,1
0.203469583435023,0.0171292234393676,1
0.214562335058677,0.0204998959855374,1
0.212592593654928,0.0253205512978032,1
0.139306429029835,0.0141439783789571,1
0.12845562225782,0.0148117353583724,1
0.113649675351024,0.0238750228467501,1
0.0291034396607909,0.00739299536724216,1
0.0272134506907879,0.0187756475492187,1
0.0143982396096475,0.0161366009089481,1
0.0106003677729374,0.056503456224022,1
0.0102420169383157,0.0608483031818854,1
0.00654353857099708,0.0383972820117376,1
0.00600789008600679,0.0378352203426207,1
0.0126914680545781,0.0120970987273171,1
0.0611225720160408,0.0334945244223215,1
0.0627071501252813,0.0295193338989381,1
0.0624952155445511,0.0277551047697411,1
0.0612220765787931,0.0202720969315707,1
0.0804413719198063,0.0225116932656496,1
0.0712058265847046,0.0163000482799256,1
0.0667739403994516,0.0153002863936426,1
0.0577642400753629,0.011699062419016,1
0.0462908532842692,0.00709182499783309,1
0.0453102867815682,0.0120541254024233,1
0.0347752509197217,0.00530796647910691,1
0.0478636019955897,0.0135637778173942,1
0.0650788674105694,0.0209282131698579,1
0.0933304573713479,0.036822019859716,1
0.0962167840785281,0.0369295566862292,1
0.0924035609624362,0.0350780154706518,1
0.0903926654362461,0.0377545036866687,1
0.120742025922475,0.0414713650952637,1
0.134393351760275,0.0422631839529223,1
0.0878828211628805,0.0300845165484594,1
0.0616899176966023,0.0274554146517945,1
0.0587577708132518,0.0264357064007398,1
0.0759425179545148,0.0157573353229674,1
0.133937193510209,0.0222468314106576,1
0.132891740574301,0.0190240852669177,1
0.148558915965517,0.0214995785623664,1
0.251868014233912,0.0313970422913884,1
0.267837797115364,0.0214043871440141,1
0.267932236186913,0.0227670672045078,1
0.273373406441108,0.0198803333821002,1
0.29567107604207,0.0207682222325715,1
0.300814039732077,0.0171430052833145,1
0.295374021806431,0.0277614197377243,1
0.209421138836707,0.0233491118772444,1
0.233344515608028,0.0347366322270821,1
0.261796098856977,0.0199636119956813,1
0.250071062523471,0.0160196322256515,1
0.242609815186236,0.0225108612563418,1
0.258793688766683,0.0203224204307118,1
0.265504080662009,0.0203584389943823,1
0.296376288882192,0.0213446476257612,1
0.498087798583618,0.0392000003095059,1
0.571286538944079,0.042567205222712,1
0.588056768285046,0.0426002964440132,1
0.514340782044468,0.0362884553856193,1
0.493717011356478,0.0550654844484989,1
0.526087157148336,0.0797252285856114,1
0.415947436518942,0.073164618098645,1
0.145289811591259,0.0404281428238161,1
0.0722598252025865,0.022257585866489,1
0.0439518459868642,0.0159836551942847,1
0.0453627295264121,0.0192718010173994,1
0.0381437705016271,0.0202935351874242,1
0.0341526382538787,0.0195988992921682,1
0.04188210774953,0.0236100132916701,1
0.0479542725260174,0.0305821321754085,1
0.0450434117492976,0.0260542290872416,1
0.03776340705088,0.020943695037427,1
0.0357199744838511,0.0170663392190652,1
0.0441286763659209,0.0326703184670558,1
0.0556050026543456,0.0780979362148722,1
0.0486313689131016,0.0576564067351104,1
0.037879437029419,0.0408596697758601,1
0.028246292884687,0.0243243381625722,1
0.117358574168213,0.0326055316526095,1
0.159186585408327,0.0183804610325849,1
0.140566512198566,0.0158520493786331,1
0.128075605737365,0.0139932688632897,1
0.130965632715901,0.0142596181613962,1
0.136374399165608,0.0135059413191725,1
0.147392973648214,0.0151878472199031,1
0.151798286130208,0.0158919951903962,1
0.164978585655133,0.0146886764938052,1
0.194790632604096,0.018549036449132,1
0.177344609307773,0.0257309421693967,1
0.198556524808558,0.0600433190304624,1
0.166007982117556,0.0432531047159222,1
0.148011492448131,0.0347739230494042,1
0.0807564716305791,0.0109022230806977,1
0.0824051404261883,0.00775727718602304,1
0.0991680276708389,0.0101162340394227,1
0.0971397054438079,0.0100124141552724,1
0.102616806370211,0.0130185704247428,1
0.21315109104215,0.0252716695255744,1
0.290769002818177,0.0268501718751788,1
0.295217789368545,0.0239871533794455,1
0.267214989008367,0.0209478509312311,1
0.278696017016608,0.0237537292967714,1
0.236900582953621,0.0275060312849869,1
0.124391539085065,0.0126495956369876,1
0.220246035081737,0.0188957559227601,1
0.334930322506528,0.0286054937112463,1
0.396053552788812,0.0371857061095606,1
0.342795524730261,0.0283555692618723,1
0.279525280798113,0.0255237867994002,1
0.341771622605801,0.0199945722939241,1
0.490306519766008,0.0341236983312815,1
0.639825700567297,0.0433366100495737,1
0.666712066493017,0.0264796788967535,1
0.694287655221554,0.0297726435137476,1
0.648002650273758,0.0322779559108271,1
0.542507820525313,0.0272944442152556,1
0.504868918651427,0.0239005884053251,1
0.587033176781039,0.0336916598718406,1
0.789102008115514,0.0413239994057493,1
0.85532983037786,0.0723518289463697,1
0.722153706908081,0.0556590593744343,1
0.350847585516019,0.0321574581541273,1
0.260484379335752,0.0781798878232935,1
0.271157941719459,0.0765272964010081,1
0.278642811130944,0.0882457370811009,1
0.199181123914685,0.0608382906300119,1
0.0986975141672781,0.0369732786084048,1
0.0488578974090118,0.0181886349445702,1
0.0425415959058788,0.0185468974372008,1
0.0402301604460939,0.0213856494357702,1
0.040037818857206,0.0257234043056203,1
0.0341085457519991,0.0187967795627082,1
0.0363106361874486,0.0162476566989522,1
0.036039517981309,0.0169165289789623,1
0.0452061487408863,0.0185065681475076,1
0.0342897275963429,0.0121215369710537,1
0.0520907785135418,0.0217857104026107,1
0.147284372386415,0.0429875853494174,1
0.206607398977451,0.034961959136417,1
0.206854042863743,0.0336101924399146,1
0.196672110498028,0.0245559231189442,1
0.242053058778438,0.0256529201597203,1
0.223238965759435,0.0189205416631879,1
0.175948799903466,0.0140687949138981,1
0.170555246580135,0.0116894211817032,1
0.151853188048994,0.00710963923674804,1
0.153018795220267,0.00774668663034871,1
0.142982697261423,0.00906642073551389,1
0.134045476844123,0.0106802478064256,1
0.130330728777861,0.0109480099715824,1
0.113765630666526,0.0127087721708753,1
0.0840443059774827,0.00955292248491913,1
0.117797277376719,0.0169403001112696,1
0.194611864589091,0.0321391177334745,1
0.210954523622464,0.0184650579447427,1
0.21521056340709,0.0250963094674301,1
0.226418298969539,0.0174557764508861,1
0.235918843504542,0.0147512502218159,1
0.245740743871604,0.0141128761895436,1
0.310238048134407,0.0139939188183598,1
0.319511312867436,0.00695215137818776,1
0.334054371807509,0.00788215491294971,1
0.343964954195816,0.0106127731786886,1
0.280209516930838,0.00542403757753357,1
0.250789110810408,0.00941748624836056,1
0.236047291792535,0.00811877805883412,1
0.233033557369301,0.00810534149410714,1
0.22947877433171,0.00981273057911215,1
0.212074868390145,0.0100120008385856,1
0.127602563778848,0.0041685651616296,1
0.20573203384526,0.0347101236001385,1
0.194866572650569,0.0205024539702445,1
0.159045992653398,0.0161723374520887,1
0.143721293476453,0.0167090000531908,1
0.136026245737877,0.0139201714943273,1
0.129032874101932,0.0141266172377175,1
0.120512789662875,0.0219560173345905,1
0.105991594195723,0.0162314034462602,1
0.148209367104255,0.0226734018843994,1
0.208249690115659,0.0423531807558438,1
0.189444948777163,0.0532420713642462,1
0.21451333809327,0.0760365893384611,1
0.265602842505057,0.0817225547032882,1
0.280256242040125,0.0902117341555431,1
0.261063399452885,0.0949413905354163,1
0.205865333128066,0.0824823544726346,1
0.135468935598404,0.0645084555870651,1
0.0829085784231866,0.0518513660531952,1
0.0666394320234139,0.0458522558286168,1
0.0496735073309952,0.025043638265795,1
0.0342926804524208,0.0184655693230417,1
0.0265693356103691,0.0119907606956737,1
0.0257177034239248,0.01760667003101,1
0.024599583505156,0.0156216116726764,1
0.0250030313780643,0.0153949883963526,1
0.0271951320186422,0.0151166042059695,1
0.0256488271717703,0.0150902093169552,1
0.0247923035483358,0.0129204202946136,1
0.0333784640712125,0.017460384051473,1
0.0360780840776831,0.0225626783185758,1
0.0531880581344075,0.0346209516513939,1
0.0545894325249344,0.0433024376511729,1
0.0356399202675068,0.0276283636608426,1
0.0345579337512053,0.0276118153969064,1
0.0316839179594548,0.0290416876358188,1
0.0342632923929228,0.0271607696161222,1
0.0296597045298257,0.0141975761673647,1
0.0247747714888364,0.0126832308941919,1
0.0243467360482339,0.0140058447885437,1
0.0261840119627409,0.0168486895500984,1
0.0239190631693015,0.0170062316794482,1
0.0326787830102354,0.0234797697010977,1
0.03226600599694,0.0177609943457611,1
0.0261387429566862,0.00937974340282395,1
0.0267830040911926,0.005471357467051,1
0.0290905092091706,0.00487716817456899,1
0.0321584048752354,0.00716264007733911,1
0.0369810251008751,0.00809185376447471,1
0.0586364569194855,0.0149508395401549,1
0.0731655475467013,0.0102380324524994,1
0.081246032939921,0.0087896168787847,1
0.0776917059990144,0.00829292027235505,1
0.0842946289059113,0.00937649907311232,1
0.100859636615799,0.0150221823378289,1
0.100903971766848,0.00968339723580726,1
0.104429666782465,0.00846632183567934,1
0.109092506865148,0.00940970510887259,1
0.122370540795532,0.0126739796088378,1
0.123216655202797,0.0128591640562623,1
0.109487636839672,0.021684128244292,1
0.0936024892100393,0.0223443322308233,1
0.0867900088905966,0.0184977527630907,1
0.0815614515607801,0.0218169767643207,1
0.0826341878071301,0.0185799231946981,1
0.0690619909973514,0.0279647129611895,1
0.0257836532606545,0.0175155069998883,1
0.0251440238075358,0.0219912086394792,1
0.0249624627703974,0.0234294450316652,1
0.0243711602774104,0.0238176708181655,1
0.0233738656068277,0.0224777711139934,1
0.0219825302869172,0.0203551285827383,1
0.0206186304124844,0.0127626755751905,1
0.0346970069267743,0.0206188183478157,1
0.0362953950478859,0.0204825335847578,1
0.0268049911451477,0.0191595063669327,1
0.0251295823851407,0.0231777606561544,1
0.0248486572397414,0.0233181761906588,1
0.0259611339760203,0.0206966735066077,1
0.0263966539170154,0.0135739209704769,1
0.0306428165518051,0.0165680895570458,1
0.0263472086801652,0.0146173581729513,1
0.0253734217557199,0.0224108249349361,1
0.0133648086999523,0.0115204344443951,1
0.0195422601580319,0.0205978316511647,1
0.0202583557646622,0.0143996927373042,1
0.0203254469362347,0.0145000348859783,1
0.0194469604580611,0.0136418295610596,1
0.019634779512652,0.0161568798873494,1
0.0209162680649492,0.0254495933711361,1
0.0232926425440809,0.0299794138908762,1
0.0272416656099238,0.0342531507100683,1
0.0278075980367781,0.0390371058418138,1
0.0299738934246112,0.0479742549611756,1
0.013829808483953,0.0517726169688731,1
0.00971472660107438,0.111132935562293,1
0.00723139742158694,0.0811227155968178,1
0.00452714151560802,0.0458670456384549,1
0.00323619973519312,0.0311198414318977,1
0.0040713434356577,0.0426505348946715,1
0.0045508009618293,0.0475424123880461,1
0.00497785810489593,0.0516213658308303,1
0.00650807457859768,0.0647296143115422,1
0.00765881566433041,0.0699518661407599,1
0.00771440670562607,0.0724883123859805,1
0.00824826223956221,0.0749603534372874,1
0.00832772168353153,0.0891011061042262,1
0.00396774000044771,0.0810423175601385,1
0.00232786073146641,0.062227371510123,1
0.00260342837867061,0.0506286916554545,1
0.00262265106197438,0.0409665550049028,1
0.00261555019065555,0.0424427624152681,1
0.0034594071663841,0.055436476446194,1
0.00378177966302014,0.0687323432557993,1
0.00312100255378436,0.059301307680754,1
0.00286328857224604,0.0533398956337564,1
0.00289684672212874,0.0552931459381359,1
0.00313358233951347,0.0595591903728291,1
0.00309884153529693,0.0760746647560893,1
0.0012383713728876,0.0641697119420022,1
0.000967717093937986,0.0880895309363329,1
0.00112237832727485,0.100533026340164,1
0.00117920214379404,0.104591011870006,1
0.00125839674316081,0.114945544730509,1
0.00121135105201923,0.128681113521296,1
0.00106112158423027,0.141758372222257,1
0.00110299485395005,0.153017076629115,1
0.00113805346615282,0.158171825581675,1
0.00102409665067432,0.23631774954171,1
0.000181846916391516,0.15156825933829,1
1.0875183209861e-05,0.409848326225664,0
1.12227808452069e-05,0.470928223678041,0
1.05145997829677e-05,0.488904338939767,0
1.04938936373296e-05,0.548845728718841,0
1.10544630890215e-05,0.564712069817004,0
1.14887665394763e-05,0.576107418167678,0
1.30028176575498e-05,0.61594642039317,0
1.45249478532375e-05,0.675811624397169,0
8.93210480150328e-06,0.637373763491359,0
4.55360813716505e-06,0.498600134419642,0
4.14934232295941e-06,0.487781555194925,0
4.07067269460859e-06,0.572955307553612,0
8.88572984322255e-07,0.334394974263763,0
7.86129929249769e-07,0.32168371797166,0
7.12324903809859e-07,0.319291052438023,0
6.61309934737229e-07,0.314876432413634,0
8.6220758518553e-07,0.35520880866642,0
9.0864122595568e-07,0.361413955787765,0
9.09970842493529e-07,0.363823010858392,0
8.31672220047626e-07,0.355000457577819,0
6.83177252823919e-07,0.325443624199386,0
9.61058531063024e-07,0.378048307807488,0
1.21529525010708e-06,0.419223967431826,0
1.19785875240978e-06,0.43046556433435,0
1.01128196888292e-06,0.37151018174852,0
1.27833701017726e-06,0.403139868270005,0
1.34004427974868e-06,0.404670023143599,0
2.58950170679038e-06,0.53357698650407,0
2.74521890929921e-06,0.466928878541288,0
2.78707746043686e-06,0.465438561584024,0
2.67822495180157e-06,0.460547926159823,0
2.66647773120215e-06,0.474249355718657,0
2.92329082598633e-06,0.48919958613883,0
2.76231286502334e-06,0.476839168984016,0
2.60499953779377e-06,0.494341475862665,0
2.4714826423814e-06,0.485777413330027,0
2.57028445873287e-06,0.501041117032056,0
9.0873168667028e-07,0.32391398815961,0
4.5523711258846e-07,0.282543414569871,0
4.54451040171949e-07,0.292200629832955,0
3.81455677119382e-07,0.2584759745563,0
1.15555374645224e-06,0.372821247739244,0
1.51250938675662e-06,0.408720095894049,0
1.76827906398793e-06,0.421906870338957,0
2.09865563070903e-06,0.419663846022511,0
2.1466512784735e-06,0.429546855247194,0
2.14950079098335e-06,0.420690894292244,0
2.11511577655566e-06,0.411737032211392,0
2.0825733143126e-06,0.42064392248737,0
2.11820625769319e-06,0.419297908213151,0
1.94821185895272e-06,0.418234933088054,0
1.38700840242491e-06,0.395425353661082,0
1.0301664228891e-06,0.349024621469892,0
9.48692512385723e-07,0.343330875354876,0
6.67289504947251e-07,0.32208097548928,0
7.39516341842605e-07,0.321376216153182,0
1.21483417340443e-06,0.38503857808144,0
1.44888723542057e-06,0.412792189360768,0
1.5581497416481e-06,0.414436246771522,0
1.57431978934102e-06,0.420938948266237,0
1.56166386746844e-06,0.404664664684334,0
1.58534975785206e-06,0.400864132011503,0
1.57307517468154e-06,0.406993989201215,0
1.42043597597029e-06,0.402875611852229,0
1.23058369574953e-06,0.379992703726329,0
9.90296642763561e-07,0.345017354343558,0
7.72389258635757e-07,0.332621996176734,0
7.19174378564144e-07,0.324297039417124,0
5.60597525706748e-07,0.298955475624256,0
5.42617483888116e-07,0.284587698390176,0
5.56326961152265e-07,0.294076905923705,0
4.77693400112224e-07,0.276859210289393,0
4.95957106456159e-07,0.287945053240265,0
5.21561972731573e-07,0.289378456025423,0
9.04621182992274e-07,0.356948393099087,0
1.10402915602625e-06,0.344494997322546,0
1.26434737763967e-06,0.363601220035536,0
1.19631175721509e-06,0.357828373285246,0
1.19947300826512e-06,0.364769678764424,0
1.06078581511319e-06,0.343767703582635,0
1.06283931232626e-06,0.35603871250941,0
1.0451784174684e-06,0.354570244806929,0
1.11141047739568e-06,0.351798874270387,0
1.2637073290922e-06,0.379401872704862,0
7.75564156776352e-07,0.312095581835365,0
5.65075331079373e-07,0.319958975754241,0
2.87881671246279e-07,0.253016534210626,0
3.44688855471323e-07,0.272912187067655,0
3.73103657693953e-07,0.276806517454555,0
3.65362832967374e-07,0.274532264078262,0
7.88279346013666e-07,0.345700213704359,0
8.47838173613372e-07,0.365425041145031,0
8.18443315329781e-07,0.367560277296769,0
6.91555006762984e-07,0.327840093345051,0
8.18699100798644e-07,0.338253969892975,0
6.97501239080341e-07,0.320153890260769,0
5.99959634063286e-07,0.297355380555,0
4.18025005871128e-07,0.253473986437917,0
4.15189530368713e-07,0.246493895082655,0
3.83491043197847e-07,0.242517679071457,0
2.04823333528377e-07,0.204541290463079,0
2.02120234804438e-07,0.20231340034852,0
1.94315073793769e-07,0.209335558613319,0
2.0870690558614e-07,0.222294275386923,0
1.63966088921287e-07,0.213506534373604,0
1.60339861999883e-07,0.21043351080493,0
1.64229087852307e-07,0.211213417148842,0
5.92056019042118e-07,0.348921844374738,0
1.01999271183175e-06,0.453506819337097,0
1.26442477613901e-06,0.507953904364492,0
1.18410248512084e-06,0.476044068490217,0
1.0978413702059e-06,0.458820639111421,0
9.78409831923509e-07,0.426169735230074,0
6.00577262390545e-07,0.339716688836072,0
3.80101690776954e-07,0.290381930303655,0
3.48011727065325e-07,0.272988550825758,0
3.5580207123481e-07,0.280779874831104,0
3.15086951328027e-07,0.266757926249099,0
2.79270162141689e-07,0.251342165486323,0
7.72810368858889e-07,0.355364485496294,0
1.19626496719029e-06,0.434677964444304,0
1.1323685093339e-06,0.420139094714458,0
1.18171326947988e-06,0.427558747895196,0
1.18236832982697e-06,0.428676029563183,0
1.19718029705029e-06,0.417337030449456,0
1.22064257010709e-06,0.412830427807655,0
1.04685486506502e-06,0.389304184150092,0
9.63576614230598e-07,0.379565250844553,0
9.88378251747075e-07,0.391832428072017,0
7.05019421272284e-07,0.341743211631955,0
5.07907083829681e-07,0.287271671520156,0
5.73542765899291e-07,0.302811260152219,0
5.65073576453443e-07,0.298962534928571,0
5.64816426275522e-07,0.303889373409919,0
5.33045999441537e-07,0.297512245361473,0
6.14982936231918e-07,0.318783191105615,0
7.60511805800665e-07,0.334070407217026,0
1.22570213145463e-06,0.409170705791942,0
1.3698894920209e-06,0.40991827125305,0
1.39304431562312e-06,0.417717521255821,0
1.32540056165618e-06,0.419630597885754,0
1.15579763945647e-06,0.382591986678154,0
1.16209967092069e-06,0.386848256752562,0
1.34555146566674e-06,0.406790486316496,0
1.50103491301005e-06,0.418104952008258,0
1.44750400531265e-06,0.424423507340885,0
1.35182620294982e-06,0.415575526175824,0
9.66067208258604e-07,0.351768019434905,0
9.97863564564662e-07,0.347404363971787,0
1.6106764184384e-06,0.433768458830538,0
1.57173444551281e-06,0.428251797850751,0
1.56852464981206e-06,0.42153852079946,0
1.65240532221568e-06,0.428753125407648,0
1.52969068386036e-06,0.417881992512763,0
1.25803169908489e-06,0.390485385542357,0
1.3675037856318e-06,0.404323725282104,0
1.64494835697284e-06,0.450256848664945,0
2.00423803968061e-06,0.514389834154282,0
1.68306195150117e-06,0.488733002432997,0
8.85753690370081e-07,0.361655373032595,0
8.91817872541603e-07,0.367798030536632,0
7.95200370514197e-07,0.360209381216254,0
8.13183336709378e-07,0.372446059873961,0
7.38996192733663e-07,0.339269184476857,0
1.00269755900102e-06,0.393421006565452,0
1.06850480449487e-06,0.406809474556298,0
9.08579424131269e-07,0.368774549489103,0
5.97941424327244e-07,0.298865147333375,0
5.78389432634029e-07,0.302872474856941,0
6.15912693016229e-07,0.307519976826198,0
7.07320125783009e-07,0.336134003625929,0
6.81265100477406e-07,0.330660305372807,0
5.24799842447201e-07,0.289938559015539,0
4.95925913106298e-07,0.296312382905858,0
3.98746930781383e-07,0.273592984712154,0
3.84027568815467e-07,0.280032357834907,0
4.23933221293343e-07,0.288591391088791,0
2.68053618406788e-07,0.258300742860037,0
9.25457950782915e-08,0.188868383841179,0
1.37444138159944e-07,0.207651202307622,0
1.39280646633043e-07,0.192495072837625,0
3.22179734211232e-07,0.246838958263594,0
3.67502891726312e-07,0.252108381054621,0
4.14141433813366e-07,0.255010137703717,0
5.38427632126401e-07,0.27697979249151,0
5.17625566937482e-07,0.266533849906617,0
5.26374521739899e-07,0.270080002219359,0
7.25217115307634e-07,0.308451081827609,0
7.66962590552032e-07,0.317967267887288,0
7.41365912530958e-07,0.30978076991952,0
7.42680712227621e-07,0.323135964149432,0
8.11505719362137e-07,0.339025574767175,0
7.64489542783322e-07,0.33617615654757,0
7.87365185904287e-07,0.350156938623851,0
6.68986423179719e-07,0.339717259569056,0
6.57345259969826e-07,0.343973256083352,0
5.44139914319797e-07,0.319425108152466,0
4.41768019076682e-07,0.290032953492147,0
3.6077838532991e-07,0.267226869847773,0
5.28870574604132e-07,0.304791795297194,0
6.29019943669613e-07,0.324942037233819,0
5.49714945773802e-07,0.309109386549962,0
6.26660166752587e-07,0.337297503060297,0
9.07444960988491e-07,0.400369275623715,0
1.05268490215415e-06,0.411897175660825,0
1.08746880154319e-06,0.405562403156355,0
1.1653225288367e-06,0.404042538875874,0
1.06253517716511e-06,0.376255987744994,0
1.11364392124576e-06,0.390647239068559,0
9.48060847051028e-07,0.364899037738876,0
1.20121691148081e-06,0.389501615282473,0
1.2075054908129e-06,0.40083838824245,0
1.26617160373126e-06,0.391982598296703,0
1.15271729615764e-06,0.369467970906607,0
1.22013957734057e-06,0.367589458227702,0
1.210861895258e-06,0.366152767714773,0
1.18586490938802e-06,0.363154779148026,0
1.07802014091169e-06,0.352647330231949,0
1.10354877843838e-06,0.359300802465722,0
1.32886633778423e-06,0.392944007995635,0
1.33021837454229e-06,0.361911567870364,0
2.26751712597421e-06,0.435827782276955,0
1.99770790684553e-06,0.39586180720447,0
5.68342191114529e-06,0.570971696526125,0
6.97333711295741e-06,0.501445871319036,0
6.99977503663256e-06,0.481666891008149,0
8.30372276183834e-06,0.507926122446706,0
9.33902205044715e-06,0.470799475821697,0
1.11195384605442e-05,0.512119899652084,0
1.04077186940437e-05,0.482862742500876,0
1.06489963308462e-05,0.493407518602898,0
1.0732961030336e-05,0.483550965376557,0
1.07297325186253e-05,0.49479422035516,0
8.07745010111141e-06,0.472254478662981,0
6.94653422708888e-06,0.525155286888517,0
6.81039241128565e-06,0.540975458205058,0
4.74273829133652e-06,0.472186089264176,0
4.23279252713495e-06,0.545670307085382,0
3.18164974621459e-06,0.470051807355552,0
3.22653873129128e-06,0.493059772391031,0
2.85662459362067e-06,0.499371979279319,0
2.7159293285714e-06,0.563250967413561,0
2.3844069911182e-06,0.538655264212606,0
1.66593933688686e-06,0.448885266646831,0
1.15303390865874e-06,0.372917143820867,0
1.10749941619835e-06,0.385032065314906,0
9.96880974044023e-07,0.368996318827096,0
1.00033797704243e-06,0.356649108497319,0
1.19096502209038e-06,0.399859802721692,0
6.32152730787896e-07,0.313634362484963,0
7.09618880709368e-07,0.330862713893585,0
7.05753439786214e-07,0.325766971712004,0
7.01256138569924e-07,0.313314022798446,0
1.12639790721197e-06,0.378310866350332,0
1.14146604982102e-06,0.360179252683184,0
1.28775642704326e-06,0.383641217291982,0
1.23897256231948e-06,0.37911391567524,0
1.14582532046417e-06,0.362708123735581,0
1.22364317540533e-06,0.37720204842667,0
1.42407779956663e-06,0.408573058990433,0
1.37905253854273e-06,0.41360650722322,0
1.69809032258915e-06,0.45169364132665,0
1.90884409680152e-06,0.480404422830979,0
1.75708533039011e-06,0.468240769604571,0
1.69817201017411e-06,0.483948478266252,0
1.57641832195295e-06,0.457326561444042,0
9.82179548254277e-07,0.360864835745085,0
3.89490889085279e-07,0.247986402074014,0
3.6528484959272e-07,0.241024074346999,0
4.09326155386927e-07,0.250334215940106,0
6.55130532129656e-07,0.293982584784356,0
8.88194569996747e-07,0.33385954176792,0
1.60822130684586e-06,0.436876888772126,0
2.71993669923643e-06,0.511988938506172,0
2.57365412035165e-06,0.47073254719213,0
3.17377518000047e-06,0.519123334885308,0
3.2173552141336e-06,0.532686563226487,0
3.30435970556743e-06,0.518985537298396,0
4.20828313231499e-06,0.571611557221098,0
4.36583216429445e-06,0.540730615293243,0
4.07366745115374e-06,0.528702354959724,0
4.44945295710204e-06,0.559587023359282,0
4.37005710857475e-06,0.562285185485182,0
3.97952670110534e-06,0.581809313623432,0
3.67978980228574e-06,0.586054963132253,0
8.23337376460464e-06,0.646145944564424,0
2.42312850504365e-05,0.995166134592872,0
2.4632256067063e-05,0.740600504104549,0
2.00022222731528e-05,0.67295978249531,0
1.9103565258654e-05,0.67171062891551,0
1.99759397313516e-05,0.575531675468901,0
2.5068488046373e-05,0.593608331148353,0
2.36691691884252e-05,0.578862865015222,0
2.14332103745059e-05,0.522143198785692,0
2.54388722288343e-05,0.488248606760486,0
2.51899337002642e-05,0.492581517162688,0
2.28995510690078e-05,0.498497119555847,0
2.63920366978396e-05,0.651058720268739,0
2.21835796625991e-05,0.436161303721246,0
2.298860340386e-05,0.433519127053119,0
2.19590325789948e-05,0.478120918014024,0
2.73621683995851e-05,0.564488118404951,0
3.52262708044848e-05,0.636412090433605,0
4.32451125003751e-05,0.760135709954443,0
3.68806446220351e-05,0.875984798095335,0
3.54877734295037e-05,0.867098642979781,0
2.82858986287026e-05,0.768809479733957,0
1.16250001807032e-05,0.492147091023994,0
6.80390419451445e-06,0.571648043455298,0
6.92243443994428e-06,0.622981871556984,0
4.22254239237044e-06,0.470766480576999,0
3.5113244625638e-06,0.465769208471651,0
3.62294772050054e-06,0.475476351217162,0
3.95158369829936e-06,0.521554758651928,0
3.9355586996833e-06,0.524208793351583,0
3.46489628062988e-06,0.554642001298702,0
1.43810310949813e-06,0.411511169962447,0
2.10375359886859e-06,0.503434302716306,0
3.67317427765542e-06,0.666554137241537,0
5.29235263855702e-06,0.735931961528145,0
5.34996656079286e-06,0.727159886675298,0
5.68851578517768e-06,0.755558102282588,0
5.91288175239432e-06,0.760607036094909,0
5.9309536196366e-06,0.756170561430819,0
6.04121119372472e-06,0.793645269580547,0
6.73493413830308e-06,0.825728513501774,0
6.7662774112024e-06,0.817076357383127,0
6.48813020965573e-06,0.827178057118816,0
4.80390201678661e-06,0.748533296114624,0
1.59232205642143e-06,0.463664322438718,0
1.40685517127432e-06,0.460793176723464,0
1.53001334007299e-06,0.438247072163412,0
1.9305868364472e-06,0.468064821660263,0
1.74098800219407e-06,0.450682442261949,0
1.82530362686982e-06,0.438270076995315,0
1.97661164937573e-06,0.418881978786377,0
2.17587886241846e-06,0.414572007146518,0
1.93446962867122e-06,0.387387135498293,0
1.56987688152855e-06,0.349761200805994,0
1.55964702244146e-06,0.352274253537381,0
1.52341614153571e-06,0.34944613530966,0
1.95793775048112e-06,0.415611062598449,0
1.72603235060295e-06,0.395624360288273,0
1.69710929173601e-06,0.384230742951389,0
1.79064937484114e-06,0.399610406635703,0
1.29601174708412e-06,0.393797419251761,0
1.18746356856842e-06,0.39080453910027,0
1.24793187727503e-06,0.39323090982875,0
1.24404674554977e-06,0.387235299675521,0
1.34025580965243e-06,0.394705902412971,0
1.65435724608327e-06,0.420604345717243,0
2.461842922482e-06,0.523170378803996,0
2.18114741921007e-06,0.503795345364671,0
2.21968758279776e-06,0.513060294409056,0
2.19599623357792e-06,0.507671854343069,0
2.12037887451105e-06,0.501797514384959,0
1.43468646289611e-06,0.435510102099788,0
1.37567663825396e-06,0.422376993112318,0
1.3415908850265e-06,0.416282260184584,0
1.43451022046939e-06,0.417816095364243,0
1.77985959512403e-06,0.498991277966179,0
9.36723039168538e-07,0.360072137152034,0
9.66350482867035e-07,0.363813858362536,0
1.01930353375825e-06,0.370425984156935,0
1.00942284523117e-06,0.375542500786165,0
1.14821453610513e-06,0.381854815292301,0
1.41479231914659e-06,0.424872845759222,0
1.1830725197001e-06,0.397121095484836,0
1.19073731063639e-06,0.414091935120598,0
1.14455341162357e-06,0.406433167989209,0
6.97221278765334e-07,0.296837684241982,0
6.79826112256606e-07,0.284288384125737,0
8.22938082086393e-07,0.313387097914427,0
8.67790414977001e-07,0.31226344624426,0
1.37832007969629e-06,0.37367787881183,0
1.40946293532275e-06,0.375942127818192,0
1.3633209523738e-06,0.366877319471136,0
1.38065022293095e-06,0.370598376792878,0
1.47631242861884e-06,0.384397610752629,0
1.49630834067228e-06,0.386875381202637,0
1.49419557609447e-06,0.398366035838282,0
1.36323341603575e-06,0.403627064769437,0
1.08545663551869e-06,0.355072733550077,0
1.05426815961806e-06,0.356066906726517,0
6.8179441263287e-07,0.306250107906481,0
7.10965848548078e-07,0.323646358368072,0
6.18529035235864e-07,0.302881962807679,0
6.28951513258356e-07,0.306049643622182,0
9.78044089896382e-07,0.364072557947551,0
1.66885026130425e-06,0.477699127070789,0
2.61796719820653e-06,0.648012053551588,0
2.9973750319075e-06,0.647441713602581,0
2.75608355305599e-06,0.648328621575181,0
2.84670900753343e-06,0.677854965386935,0
3.18988108636774e-06,0.716151357809107,0
2.94864010175132e-06,0.666850128460473,0
2.4556245281871e-06,0.591267496969668,0
2.60724935815254e-06,0.588489101624214,0
2.6444653640386e-06,0.592602130635074,0
2.21231639926704e-06,0.543954059340735,0
1.33163084841571e-06,0.421448821319412,0
7.74154997196359e-07,0.332216620418285,0
7.72599228872014e-07,0.324751128952308,0
9.54511046927084e-07,0.332883395223086,0
3.65282705049917e-06,0.60597638607352,0
5.0873949786658e-06,0.598601871725072,0
5.18457961478537e-06,0.606306916026513,0
5.20310047130723e-06,0.613834915814884,0
5.12135673832755e-06,0.625161887258326,0
4.94619145697223e-06,0.610535590764368,0
4.76296561905424e-06,0.585077988676254,0
4.57821969020582e-06,0.582464548747386,0
4.31210161915793e-06,0.570956613184939,0
4.52290608256382e-06,0.608450600408477,0
2.30747580714685e-06,0.44805921815823,0
9.12788966695084e-07,0.355405202968462,0
6.09173174820204e-07,0.298085098295794,0
8.28333946737131e-07,0.337309724076937,0
1.44652433916856e-06,0.429621219496105,0
1.832810306514e-06,0.434701041718414,0
1.93079641676659e-06,0.441228623813447,0
1.99412203632051e-06,0.442825626508267,0
1.9739602146375e-06,0.444657759696122,0
1.90690543010763e-06,0.443274503209921,0
1.85525021752909e-06,0.45056064364181,0
1.57708254534657e-06,0.426139020031791,0
1.58256165724975e-06,0.436003957820259,0
1.41661790994724e-06,0.42014902867817,0
8.44606737526153e-07,0.328550243667706,0
6.19893744292307e-07,0.305483310866499,0
7.42489847918156e-07,0.353719163225116,0
7.17141157028481e-07,0.336893520147918,0
7.50542411184914e-07,0.334808004473857,0
7.46253325578952e-07,0.326572035904534,0
6.58583635959329e-07,0.311097182870639,0
6.70749042405333e-07,0.314527108354854,0
6.7483049727628e-07,0.317405244130728,0
6.670758305007e-07,0.315808862206677,0
5.8066420767268e-07,0.301992389835421,0
4.84106557885321e-07,0.299794493754628,0
2.96537825832858e-07,0.235784231717756,0
1.99378534310044e-07,0.20863557479745,0
1.93911704788372e-07,0.212346539885593,0
2.1645981773579e-07,0.21973920125727,0
1.79520652829747e-07,0.208942888090176,0
5.38871357528181e-07,0.312090452213035,0
6.8290665051387e-07,0.33810204105603,0
6.82800398165904e-07,0.334306053641998,0
6.5376426340572e-07,0.325810201431528,0
6.30816680621638e-07,0.323104089256113,0
5.31458062975148e-07,0.313429835972435,0
4.98212385651149e-07,0.30247274452687,0
4.89624661475829e-07,0.298003546089769,0
3.59529676543265e-07,0.266615531206718,0
3.82878873706814e-07,0.273112856783258,0
3.62610994634276e-07,0.271381652792005,0
4.38659406804542e-07,0.264821134430615,0
4.92968003705677e-07,0.275742408447915,0
5.7829663241819e-07,0.300678648724722,0
6.85071274035825e-07,0.319309594031714,0
7.46363282137213e-07,0.325869245857032,0
7.33240044892024e-07,0.32088224423693,0
8.96785413507054e-07,0.349621343705222,0
1.19738792778531e-06,0.39308154093135,0
1.22090907828997e-06,0.388119901909947,0
1.20170177311272e-06,0.372943293147524,0
1.07356729021896e-06,0.371688526649074,0
1.1205101624256e-06,0.382506684777608,0
1.099791734406e-06,0.377017626917941,0
9.39733782305488e-07,0.357043943327661,0
7.9784303212278e-07,0.343029273324757,0
5.74466868888938e-07,0.296449754656404,0
5.94283224222232e-07,0.291148582892644,0
5.80074458401861e-07,0.283839144381192,0
5.71510324197373e-07,0.291971758356004,0
6.41692242050865e-07,0.30978400667899,0
6.90573975909838e-07,0.330011055477438,0
5.7165069427175e-07,0.30442531951739,0
6.36979121845221e-07,0.311483291130652,0
6.54328668079778e-07,0.312126544269697,0
6.65856170521112e-07,0.305891429765671,0
6.44832827506614e-07,0.301254705417266,0
7.45174035673742e-07,0.330495227233232,0
5.92676571745925e-07,0.300187757586842,0
7.56608737899238e-07,0.323657937329312,0
5.55718690829965e-07,0.28663736195941,0
4.15150538681388e-07,0.254302195639355,0
3.61381001857547e-07,0.237813440298971,0
7.4232218366265e-07,0.327879332999157,0
8.47705601876461e-07,0.34466986912315,0
8.43680100076828e-07,0.350449396367391,0
8.56431941500229e-07,0.357744941725969,0
6.5037588577701e-07,0.317513395027393,0
6.05293696889611e-07,0.324560229841794,0
3.71281186228292e-07,0.257512317106781,0
5.16650579795873e-07,0.302365221240536,0
5.32222300046757e-07,0.30356876886801,0
5.89672652154259e-07,0.306355767499912,0
4.09730694142944e-07,0.263785859057761,0
3.25859574702711e-07,0.236144480159981,0
4.9326044136063e-07,0.277008299418913,0
4.80851726785706e-07,0.275159446562821,0
4.83256539101594e-07,0.277334622809604,0
4.89941468935359e-07,0.271835900026764,0
6.39872110086445e-07,0.31631197322842,0
5.48155278280724e-07,0.292555109655252,0
6.005903246058e-07,0.307839167342555,0
5.42804643987287e-07,0.310214341229525,0
4.04271857917173e-07,0.271088410008744,0
3.5667392536344e-07,0.270036690236796,0
3.42871842841889e-07,0.258916465223259,0
2.72628318122421e-07,0.241131295146833,0
3.01510045800789e-07,0.249805943387426,0
3.04874443541793e-07,0.241675650893432,0
5.49812424992118e-07,0.304224548092387,0
4.79876739644095e-07,0.279232620804629,0
3.97758101590772e-07,0.261906202309635,0
3.9198947640919e-07,0.260272195993643,0
4.15317423103146e-07,0.273978970556227,0
4.00174611412859e-07,0.258127045436896,0
4.50598856422485e-07,0.267834597424243,0
4.78901947460922e-07,0.275397096149063,0
4.97981359903736e-07,0.280723196216169,0
4.88482984870896e-07,0.289142328788407,0
4.07570749623468e-07,0.267239925585121,0
5.85049212829468e-07,0.306426595514431,0
5.73381925189066e-07,0.301821572200715,0
5.60711186475306e-07,0.295975315352052,0
7.20910873359248e-07,0.331842043188812,0
7.1391673944498e-07,0.333404392933813,0
7.60900747881752e-07,0.349145423000121,0
6.90335151824961e-07,0.327307518246884,0
5.41145157774652e-07,0.293641741959209,0
2.94232637278091e-07,0.225300706524288,0
2.25700847632273e-07,0.210689603493876,0
6.55793390814215e-07,0.311411203686277,0
9.51874234071601e-07,0.37904202344144,0
1.50933994745225e-06,0.462173526786587,0
1.31909170664668e-06,0.422892642504733,0
1.34760242842013e-06,0.435238474378696,0
1.31539061568561e-06,0.42500943059396,0
1.36563627876728e-06,0.428633537462603,0
1.18063319974093e-06,0.399695433560609,0
1.07976384916895e-06,0.387482051652411,0
1.0216906048564e-06,0.374267016513875,0
1.04420830428771e-06,0.370585779781987,0
1.33368083637693e-06,0.399167989482258,0
1.05240357713008e-06,0.367428663191447,0
1.04892610349583e-06,0.369850701243838,0
1.05341892066807e-06,0.363238801194148,0
1.02910760361973e-06,0.35717299100473,0
7.60269082547054e-07,0.303767327003353,0
7.10147023114212e-07,0.297049678442653,0
7.56967461422646e-07,0.303731102142072,0
8.19822061393662e-07,0.299105584464336,0
9.9617035054249e-07,0.333886200113978,0
7.78057090305601e-07,0.30429368482956,0
8.09009666497903e-07,0.304849548447816,0
7.81638281828141e-07,0.306487626644803,0
7.25553418610832e-07,0.302120428450903,0
6.11904347559019e-07,0.291823683668615,0
5.15846766161628e-07,0.275794948108252,0
5.13425382378626e-07,0.280456093672862,0
3.21123839318418e-07,0.236797296881769,0
2.39914292455123e-07,0.230725038801575,0
2.40453937407728e-07,0.231963930022698,0
5.37267824386861e-07,0.308635526733272,0
5.54533343535227e-07,0.313563664821827,0
5.45304790978689e-07,0.306349536217437,0
5.9675061819628e-07,0.320391619115069,0
6.43517247976203e-07,0.320252056672044,0
6.75836482809314e-07,0.326071397876377,0
6.39793541836481e-07,0.314160632188456,0
6.96542628447408e-07,0.313143442184224,0
7.60485291453281e-07,0.318819993637299,0
7.54905386038362e-07,0.320447801785084,0
5.66051487971603e-07,0.288767122359623,0
9.79181087498835e-07,0.356350531621593,0
1.15679992077921e-06,0.371984461308486,0
9.60093681760119e-07,0.340627008735255,0
8.05062732948234e-07,0.319714424763847,0
7.7746149228168e-07,0.313550774982644,0
8.46886191567286e-07,0.319989152443933,0
8.21245257981095e-07,0.329708796936611,0
6.6621489404452e-07,0.309778959737515,0
6.9891429782907e-07,0.318271735089792,0
7.71865210358083e-07,0.331267258025963,0
6.57044049185225e-07,0.331412831469069,0
7.98334327383099e-07,0.364698278325634,0
8.88567330527593e-07,0.36467964303097,0
9.06890499194703e-07,0.369685026243807,0
8.94199289845095e-07,0.37307142272055,0
8.02791272203004e-07,0.372563944412555,0
6.81551299462386e-07,0.338353445411243,0
6.39337339094754e-07,0.329108877693275,0
7.48841398825276e-07,0.328806257665079,0
1.40932568458336e-06,0.443983295625374,0
1.38099900357409e-06,0.40803090250186,0
1.14681707403133e-06,0.367646405499267,0
1.11176140258162e-06,0.372440547579694,0
1.26709336721967e-06,0.403982544312037,0
1.2429830523195e-06,0.390288947337067,0
1.25380733967989e-06,0.384490838181766,0
1.24800927577437e-06,0.378565230813233,0
8.50414744311936e-07,0.324338809646375,0
7.74822339924958e-07,0.321564355359148,0
5.48681666059637e-07,0.282256428987794,0
4.83223981042676e-07,0.273748855650115,0
5.83691327318307e-07,0.298237656735024,0
5.86102573262605e-07,0.301590282275127,0
5.61475423546914e-07,0.297146106174575,0
5.60548396180716e-07,0.296915712373811,0
5.54924235200679e-07,0.299596194767593,0
5.67085742477949e-07,0.311058787671055,0
5.60457935466118e-07,0.301822210713794,0
5.7376111934832e-07,0.306050025348299,0
6.23116797166752e-07,0.314750589150211,0
5.94142074314108e-07,0.320495978239287,0
6.13522502583087e-07,0.336447708390631,0
5.87507248798557e-07,0.317829349705863,0
3.75532839814421e-07,0.254133277043342,0
3.99163946877345e-07,0.248992684573283,0
4.84917584981721e-07,0.270603792128554,0
6.63917698785654e-07,0.313902467139715,0
7.23116438152897e-07,0.328278234160637,0
8.24112706667117e-07,0.354165034053001,0
8.57004534428623e-07,0.359839315572569,0
9.19598474969859e-07,0.367060423979474,0
1.07199456051063e-06,0.3968668999045,0
9.94153895432377e-07,0.390535385486325,0
8.95738876619199e-07,0.384704329558879,0
6.40592871426684e-07,0.349024534855081,0
6.05274006087511e-07,0.342348488341075,0
4.66541582578285e-07,0.305181578693786,0
3.52540806506784e-07,0.273038128711252,0
1.73855355619581e-07,0.213287190922801,0
1.11442141549106e-07,0.194031485703131,0
1.04843773261206e-07,0.193888403880289,0
0,0.142938810738714,0
8.61228893833607e-09,0.144822273809774,0
4.70268992928299e-08,0.161643368170592,0
1.68510375120805e-07,0.20590671429465,0
1.53190541170053e-07,0.20279119005752,0
2.3914225704605e-07,0.227248605710593,0
3.14066343912244e-07,0.246188368378168,0
4.03551291535371e-07,0.258759052301094,0
4.21055634768615e-07,0.260565403772997,0
4.05265366110263e-07,0.26006306918561,0
3.95516079569474e-07,0.261098180382475,0
4.06086726003804e-07,0.267732859025446,0
7.44984341114896e-07,0.342676838368206,0
7.86067542550046e-07,0.342789553232814,0
8.18948452639101e-07,0.34002301435675,0
6.71325924419335e-07,0.311091138770682,0
5.0011654470176e-07,0.279501148553812,0
4.89983579957673e-07,0.288464487319936,0
4.77794778499274e-07,0.278916676292353,0
4.9335246174272e-07,0.277029611239129,0
5.22666412275108e-07,0.273463761238485,0
7.67507499382426e-07,0.324831194715781,0
5.22143923664927e-07,0.27922677947337,0
4.33885264608232e-07,0.265420348780222,0
4.00759486722763e-07,0.257863040997288,0
5.20826004633277e-07,0.287862444410142,0
5.09047395725557e-07,0.283259004949571,0
5.29672243695575e-07,0.284541135398335,0
5.84675477506438e-07,0.301316455686585,0
4.24825156140946e-07,0.265258153288067,0
3.51290148135774e-07,0.252897270542633,0
3.43060562608551e-07,0.248890098050584,0
2.00248633812745e-07,0.206144547268804,0
2.42239756687302e-07,0.221699744112188,0
3.16746437540661e-07,0.241718091074551,0
3.61530924895319e-07,0.242611172238488,0
7.10676530228112e-07,0.310952832831418,0
6.87936383220608e-07,0.302729094240918,0
9.73921108878432e-07,0.34864092057356,0
1.19300370246227e-06,0.385264542644118,0
1.00593230938166e-06,0.35349913364191,0
7.83853789502059e-07,0.315555679706169,0
9.15392246699466e-07,0.336655173570562,0
9.24187016734492e-07,0.336480814250679,0
8.87199697094602e-07,0.337168603586495,0
7.83679691618146e-07,0.320236002811242,0
8.10725885615599e-07,0.331710850199903,0
7.95955249580845e-07,0.334201560165902,0
5.82100466475367e-07,0.300090282897142,0
4.75607929715543e-07,0.276393671347377,0
5.0587951608868e-07,0.290243707865463,0
7.19681270499393e-07,0.338525888786066,0
6.89960831626622e-07,0.318403983772166,0
6.67665579771519e-07,0.317952778588076,0
6.86256621330563e-07,0.321788835048849,0
6.64357330060266e-07,0.331661183085028,0
6.35907630277479e-07,0.320555607357801,0
7.33269093699083e-07,0.319090325346156,0
7.77292853233993e-07,0.322696096484509,0
8.44491127173229e-07,0.333269467797205,0
9.12282074759833e-07,0.327180509722809,0
7.6234441510503e-07,0.29986287691182,0
8.08888792267189e-07,0.299099596160581,0
9.8406440641966e-07,0.313700716603001,0
9.47996315808501e-07,0.311965921672394,0
1.08287850515263e-06,0.329909598307366,0
1.07588203173712e-06,0.32511940221108,0
1.14946227009959e-06,0.346313410462664,0
1.14228000129397e-06,0.345210397958199,0
1.08560792326551e-06,0.335106534399536,0
1.11907234395542e-06,0.350319518447218,0
1.18711283834092e-06,0.366454346000555,0
9.13888532277704e-07,0.345126674150603,0
9.74658051768911e-07,0.364823615308316,0
1.01907348280302e-06,0.379808737284119,0
9.44659407207064e-07,0.36984707362947,0
9.0921596342688e-07,0.382794469299428,0
4.93643924605489e-07,0.292505678900909,0
3.88077830336551e-07,0.274807322240912,0
4.10802185710688e-07,0.281212912194213,0
5.23184026924372e-07,0.315341109038298,0
5.05124052146721e-07,0.322660446008948,0
8.47128524904022e-07,0.403779755716013,0
7.69976647982403e-07,0.376104519430938,0
5.20019461580919e-07,0.318417491498541,0
6.66898223364925e-07,0.354550820788156,0
8.48192218134301e-07,0.381406968832371,0
8.93029539225288e-07,0.390447800802569,0
9.92381333326494e-07,0.399804883370401,0
1.16360397021776e-06,0.425394961015603,0
1.16780240015069e-06,0.427606395823511,0
1.1740176751106e-06,0.427167313981129,0
1.01466020867292e-06,0.411029273302721,0
9.14436950359956e-07,0.400540312046147,0
8.28222430511377e-07,0.374132822378533,0
6.35081006506148e-07,0.335060980478952,0
5.96214092578661e-07,0.299836831728736,0
6.94647827401756e-07,0.321315357144065,0
6.86209246430461e-07,0.321767690478148,0
5.58176726799056e-07,0.289580031901536,0
6.02066744846434e-07,0.291178968220365,0
6.63535580249849e-07,0.302223515989058,0
8.25112258571743e-07,0.325599435116641,0
8.84244907028967e-07,0.332186217635929,0
8.29110661148684e-07,0.329208340098387,0
3.92842614527902e-07,0.240892916244937,0
2.94148415233464e-07,0.230440766343949,0
2.23665481553808e-07,0.217250424535891,0
1.89082389354494e-07,0.201814494843667,0
2.39362170162574e-07,0.219024543842483,0
2.97102425465353e-07,0.241418715304783,0
4.83379947791984e-07,0.296854487885707,0
4.03063115610038e-07,0.277502349028728,0
2.96628286547456e-07,0.251196020143026,0
3.08056165227671e-07,0.25175362586718,0
3.9007420472769e-07,0.266120440000082,0
3.28944012128708e-07,0.256893249258582,0
3.58375522598387e-07,0.254194756147165,0
4.1714320886223e-07,0.274296151779409,0
4.39088315365137e-07,0.275859991316119,0
4.43062543095935e-07,0.276036985329777,0
4.28006292951514e-07,0.267520755993652,0
4.32831124341349e-07,0.272414528108101,0
5.30225925655617e-07,0.292356664165877,0
5.37565136002729e-07,0.293726852649049,0
3.51906021837103e-07,0.251279488017228,0
7.69946819341598e-07,0.323052091800411,0
8.20994736390019e-07,0.323494967654078,0
7.43772479472776e-07,0.314921165081403,0
7.43719645736447e-07,0.316689046586619,0
8.31216212264338e-07,0.329918134808572,0
8.26626695707521e-07,0.336031603244987,0
8.35493405405664e-07,0.329921534580774,0
8.16453179608613e-07,0.322717314975729,0
1.04946750307436e-06,0.366429812024923,0
1.14116483903642e-06,0.386134340085248,0
9.86633958614505e-07,0.375012761342775,0
1.42419613933767e-06,0.441667990669092,0
1.37843549509078e-06,0.421160317278444,0
1.56913311509279e-06,0.441192395915931,0
1.61533904440895e-06,0.44074677176892,0
1.62279795923616e-06,0.44317891762263,0
1.65108876789309e-06,0.440278844730178,0
1.68719604515001e-06,0.44745948956451,0
1.24261438591582e-06,0.381418282991803,0
8.30631336954434e-07,0.320383436108751,0
7.41235875253722e-07,0.307216816990656,0
5.40235871626187e-07,0.28129684326745,0
5.91101307577918e-07,0.295518817219796,0
7.37170406974579e-07,0.333461478354456,0
7.8843667747203e-07,0.342228719047292,0
8.09405042207398e-07,0.337768523292917,0
8.11246814558286e-07,0.342849897031751,0
7.37232793674302e-07,0.336906205429748,0
9.39125706941623e-07,0.377363530903561,0
1.04100611196598e-06,0.394116741987156,0
9.7936044926054e-07,0.365891559244623,0
9.53440335193087e-07,0.364741901941003,0
9.57393312454292e-07,0.371322906659089,0
1.09528273568351e-06,0.372513696454481,0
1.37660756478889e-06,0.386393778489994,0
1.55215613443064e-06,0.380545106931843,0
2.88315746205446e-06,0.494994914685746,0
3.28026537725906e-06,0.497411478482235,0
4.79914210655617e-06,0.556766662161998,0
6.80122156642636e-06,0.646182994201442,0
7.75533567797646e-06,0.687127135465928,0
8.29737101597278e-06,0.685326372000928,0
7.21111778028201e-06,0.639972998540686,0
6.93389312205748e-06,0.636247128447892,0
5.21681872170103e-06,0.556109197429509,0
4.64309893354128e-06,0.521143358847026,0
5.31943158557183e-06,0.563599579239631,0
5.25366040738875e-06,0.558900277857894,0
5.29226978122144e-06,0.547780824326538,0
5.04834870297661e-06,0.53668391322477,0
4.45138850446095e-06,0.516949419795484,0
3.88902446035985e-06,0.492104539029411,0
4.065173307028e-06,0.506965839020049,0
3.8190811716328e-06,0.472893738690068,0
4.2944898538261e-06,0.491295289856268,0
3.83986530064555e-06,0.469444819150475,0
4.50163065829076e-06,0.417967485626884,0
7.05534930370433e-06,0.49197363187531,0
7.11439344103132e-06,0.498584726874022,0
7.39352869193486e-06,0.443334140008739,0
1.05746734957986e-05,0.531320922487899,0
1.08256581131611e-05,0.518237641785462,0
9.93033274338601e-06,0.495921428365601,0
8.92870492132681e-06,0.473881322872938,0
9.06665419679608e-06,0.492554892352791,0
7.92930566915678e-06,0.466542341071954,0
6.69785304365517e-06,0.502799407621666,0
5.92916000201956e-06,0.522477529858847,0
4.2832397772401e-06,0.465988905556304,0
2.93352010019811e-06,0.414930494206913,0
2.8635791509723e-06,0.417805261369005,0
4.04877047896174e-06,0.512408931653276,0
4.75375558754918e-06,0.540863859439356,0
5.04077339796273e-06,0.549954291412193,0
4.84474054538378e-06,0.522350761181695,0
4.23249599535283e-06,0.499833376554939,0
4.25948233711024e-06,0.504032829792758,0
4.33950965601378e-06,0.506084420248607,0
3.60096635172842e-06,0.49821397232398,0
2.99490393372316e-06,0.5064308803551,0
2.88828876810669e-06,0.491406672650432,0
2.1637696040022e-06,0.432234028652563,0
1.72118899816163e-06,0.411368836272189,0
1.44595506053359e-06,0.378580396274532,0
2.66486191567932e-06,0.524036775257857,0
2.79376063564469e-06,0.515648173848086,0
2.98360004860864e-06,0.514840219143245,0
3.3690048038205e-06,0.553534343459289,0
3.64202947244459e-06,0.523030533331464,0
4.23307931099524e-06,0.57226077227362,0
5.24966765860648e-06,0.633246759229413,0
7.72939236385504e-06,0.800670449302566,0
8.11563914455472e-06,0.709985942184539,0
8.08559156542528e-06,0.756037794073001,0
7.80338298972664e-06,0.751746924577147,0
9.32947376605453e-06,0.839898234504551,0
1.03359929003305e-05,0.927356419647145,0
1.03657903477857e-05,0.814961347228695,0
1.02117965778567e-05,0.848476570910087,0
1.01246111649937e-05,0.850164924097458,0
9.03896639458365e-06,0.818946207337667,0
5.62781352634711e-06,0.639448484846968,0
4.00953216921246e-06,0.607377362449411,0
4.03218107567163e-06,0.599895171380709,0
4.14513434006309e-06,0.606700890749672,0
3.78944904893183e-06,0.572442533844744,0
3.58960982783601e-06,0.544509799522527,0
2.94520727359905e-06,0.528892040323728,0
3.05796596947075e-06,0.558098350065095,0
3.1398165396737e-06,0.527832342586242,0
3.22491589726473e-06,0.512715682890166,0
3.36935105000396e-06,0.521668011675419,0
3.37917071654037e-06,0.52642231358616,0
3.4502915542247e-06,0.528582697993973,0
3.04551046487104e-06,0.485595126250755,0
3.33592737562731e-06,0.532580530096245,0
1.92314312837806e-06,0.396716901712614,0
2.26342299880489e-06,0.442077208183678,0
2.66241869655142e-06,0.477171589023604,0
2.90918675284643e-06,0.500661498627875,0
3.08683775426885e-06,0.512731481145243,0
3.14861286937622e-06,0.520685439173661,0
3.11526717837423e-06,0.526397552787901,0
2.71787949781306e-06,0.498744135331715,0
2.69814970402563e-06,0.441986365306251,0
4.52233524426136e-06,0.549471571830686,0
4.4535057530828e-06,0.544763546793356,0
4.37243813596137e-06,0.553616828914927,0
4.15623449361132e-06,0.546891315537949,0
3.80485407971939e-06,0.550441359393443,0
3.15225566776474e-06,0.521711114093131,0
3.28940405397631e-06,0.539160171211995,0
3.4116736022208e-06,0.522218139958356,0
4.15866932952645e-06,0.571520079726135,0
4.05011471738234e-06,0.597942341942939,0
2.56045933336022e-06,0.474074429790334,0
3.49736543850076e-06,0.558716402099792,0
6.22700502417005e-06,0.731947270774849,0
2.76608525228469e-05,0.474112908244578,0
0.000267944371497235,0.67571910597431,0
0.000501793758874954,0.886763720001353,0
0.000904735356891438,0.859482800251447,0
0.00174944727059499,0.943067037213855,0
0.00193987928994564,0.291722645954441,1
0.00174909065554707,0.253881616841372,1
0.00150131486396705,0.224540814837383,1
0.00119848101918816,0.198499590390225,1
0.000882123762162758,0.151627649337813,1
0.00059119289515228,0.108579288042603,1
0.000571630061235526,0.117754250924149,1
0.000577201946840198,0.106450098948371,1
0.00060981606118268,0.0990423485885138,1
0.000374329177344311,0.0736704277669241,1
0.00025804389780817,0.10227299659962,1
0.000239226862573921,0.102528595743321,1
0.000250437619942424,0.0908743493043147,1
0.000311759262700973,0.10533900060548,1
0.000326721326085155,0.121410799909702,1
0.000343541609098815,0.116185665071145,1
0.000366643245894984,0.0994519164294237,1
0.000370371789148478,0.112643825862594,1
0.000233312816529743,0.101102715147554,1
0.000541950852172934,0.134553752669231,1
0.0013445050886448,0.165201883393717,1
0.0013759354352458,0.129014429793861,1
0.00135852125639033,0.132759071907072,1
0.00131471713800492,0.124284203831,1
0.0011519978852945,0.112394526647654,1
0.00128001767959883,0.12744770945389,1
0.00121072059074784,0.129639094126983,1
0.00081696538455118,0.101378222271413,1
0.00072272227352521,0.0821554208113244,1
0.000714854030787991,0.0937995552714077,1
0.000538688868633154,0.0983834633596216,1
0.000836212340180311,0.0658423870616993,1
0.00173095108469858,0.0890143081222496,1
0.00203128660281299,0.0981788606516008,1
0.00205237378691714,0.0873256831213996,1
0.00356890636619071,0.090437739680075,1
0.00446616793312119,0.0846958038405835,1
0.00376023892682916,0.0765544522597478,1
0.0045652429954191,0.0564038438096568,1
0.00637613079033317,0.0523586788966525,1
0.00458525752736794,0.0340261876458246,1
0.00488679574329812,0.0431345165102896,1
0.00612984147767936,0.0522618244283211,1
0.00711572083504299,0.0580497097421445,1
0.00749094629851225,0.048898131992093,1
0.00775494189449251,0.0498387818506933,1
0.00749443464244406,0.045108606925335,1
0.00751289246870839,0.0422803034395126,1
0.00686752253070885,0.0568621839353229,1
0.00382652678542067,0.0452068706488596,1
0.0036177396312378,0.0414399134687399,1
0.0065788509715145,0.0541449916850976,1
0.00686150272107751,0.0348486224503327,1
0.00626177950316745,0.0322764880161998,1
0.00590576882932982,0.0352586066158626,1
0.00618117383070362,0.0416412976263459,1
0.00682113207732654,0.0536764174939458,1
0.00802932836202847,0.0618560848370854,1
0.00692623443234547,0.05227559364332,1
0.00506110023246651,0.0354183659119388,1
0.00425697174639034,0.0334469628282972,1
0.00372635012217406,0.0402622285902932,1
0.00358708312984504,0.0657603132989521,1
0.00199945584472607,0.0300492464944649,1
0.00144179528228047,0.0191771771096258,1
0.00206436802765412,0.023934041735698,1
0.00294944988715743,0.0218340015120329,1
0.00430154100430996,0.00458279411181054,1
0.0180888799017075,0.0263563966865417,1
0.0233977284804801,0.0250440779710535,1
0.0238030276143664,0.0217279013319559,1
0.0242821653531387,0.0167459216236129,1
0.0301706566102098,0.0176240899267517,1
0.0291517629627225,0.0168502425799962,1
0.0281732997121874,0.0153769432932847,1
0.0293601354403107,0.0101579349261468,1
0.0351662738458156,0.0118248380196531,1
0.0315205177422699,0.00888606156180907,1
0.0317553696930752,0.00962634285306092,1
0.0296805054642557,0.0104266313912771,1
0.0298493169817307,0.0118216802555151,1
0.0257944215115014,0.00976403535735757,1
0.024901961180726,0.00966002091514367,1
0.0301063663505434,0.0137448041692809,1
0.0315115207044165,0.012869458338621,1
0.0292530846361684,0.0182872813392609,1
0.0229237452979182,0.0190284478582007,1
0.0233341214292598,0.0315484371381749,1
0.0235954531810075,0.0389970395352771,1
0.0314181110576685,0.0503259061228127,1
0.0371584396420837,0.0651116921771869,1
0.0430016668881302,0.0839387335884277,1
0.0424723498300473,0.116404992857208,1
0.0270715196387972,0.0812394751359581,1
0.0144402735549477,0.0924793038223292,1
0.00673280657637993,0.0714752430213809,1
0.00381026448281066,0.0578069249926733,1
0.00377326404792682,0.0499466350134555,1
0.00387691529064969,0.0376056714728902,1
0.00386810515633019,0.0381541517817281,1
0.00339674584820717,0.0335586838972357,1
0.00301376550565259,0.0284360237084327,1
0.00268767537719684,0.0240742559478537,1
0.00480818871746601,0.00670614416553301,1
0.0177156756704149,0.0252387493899736,1
0.0173264027511005,0.0232633868787118,1
0.0166028929819622,0.0219214871333436,1
0.0179713519736677,0.018002752327318,1
0.0297113818116993,0.0315701931914429,1
0.0327594260782618,0.0303867226312282,1
0.0296538586106425,0.0256431479202319,1
0.0255732053635569,0.0205731625852796,1
0.0245082123594181,0.0190204255902588,1
0.0217544415688572,0.0284301416245658,1
0.0183993032912645,0.0323313931993379,1
0.0177089006769969,0.0368183277125908,1
0.0189298289117079,0.0271738274273314,1
0.0227276772818558,0.0324672823036707,1
0.0197286217581339,0.0280369648784616,1
0.0398692342058453,0.0340580050482323,1
0.0862035827060201,0.0659348825693704,1
0.131977932628288,0.100489181785184,1
0.171905189578167,0.116997757470241,1
0.190882422899081,0.099879078814456,1
0.186726445058114,0.108029537441234,1
0.175285763345265,0.0904987263729794,1
0.137574191858919,0.0693209300170035,1
0.108567894577981,0.0583877064387362,1
0.0624528781630158,0.0386694592428665,1
0.0455461878719566,0.0308980874422491,1
0.0607372875258145,0.0258082660770996,1
0.0693918092840177,0.018804179856022,1
0.0670012713945863,0.0187927482999973,1
0.0658384588134966,0.0186740363674799,1
0.0654489372942963,0.0179188323492756,1
0.0674400406158244,0.0156121893047435,1
0.0719100125680183,0.017265699240272,1
0.0729317729601967,0.0144152515498997,1
0.091875833101031,0.0155826764462488,1
0.196825160767383,0.0323181538045577,1
0.201435481764957,0.040260030781325,1
0.183704169233024,0.0451631498542543,1
0.17842913638205,0.0437830320044636,1
0.171998228660201,0.0356974070048516,1
0.192216205001549,0.035631402385641,1
0.191061974021575,0.0344402340695713,1
0.153160517759336,0.0245769640576201,1
0.200445411127176,0.038500037754772,1
0.323547063215651,0.0718850749290211,1
0.367484369632779,0.090842650698149,1
0.392581238939166,0.0879065134574162,1
0.444859017441871,0.0888549248497805,1
0.485897951021139,0.0905731493559033,1
0.494199403546571,0.133227602592667,1
0.297755126529747,0.122604925649179,1
0.13337118033547,0.0913435753253565,1
0.045715441113585,0.0560127213326078,1
0.013031233362625,0.0230847814905818,1
0.00901876512890975,0.0157038164675615,1
0.0116763352325371,0.0207444349588411,1
0.0104038366153675,0.017199200167452,1
0.0103783040342216,0.0212648136590333,1
0.0101431105565917,0.01970837530132,1
0.0120964043337507,0.018843532965961,1
0.0182803367189106,0.0287835954408136,1
0.0186773843410741,0.0341053567211583,1
0.0206798462698204,0.0383345673773692,1
0.0201108802623978,0.0325627074827132,1
0.0373927838587333,0.0339099953512205,1
0.0426375075361266,0.0299576349065667,1
0.0502798947119613,0.0330602562274227,1
0.0615794896459832,0.0420783231551686,1
0.0624440312221031,0.0425463695007366,1
0.061855210392683,0.03947308086892,1
0.0602203020261405,0.0399799128400575,1
0.0529171186655778,0.0282204132014973,1
0.0533229073693422,0.0270650118387724,1
0.0310265070556147,0.0165897025143772,1
0.0296539131927661,0.0151830776878183,1
0.0286968935610465,0.0172013831569135,1
0.0352672259556591,0.0199358443565001,1
0.0464290851872798,0.0140922274587675,1
0.0486904890920172,0.0119866983477622,1
0.0499311511031266,0.0130965032467,1
0.0483112313776771,0.00979303458467099,1
0.0499485886239657,0.0098999193296198,1
0.0498731029875918,0.0102455728395073,1
0.0485678052641134,0.00960644350951471,1
0.0486149188723406,0.0121297069788299,1
0.0496925305486183,0.0119614174512884,1
0.0425542573661306,0.0101892469369255,1
0.0477041996756494,0.0173496212463256,1
0.048854861302757,0.0174885146823952,1
0.0525519805797214,0.0184217678051794,1
0.0544307061481192,0.0225177822194921,1
0.0509994120241702,0.0305569990325467,1
0.0504163084661248,0.0274055426493704,1
0.0438415417709197,0.024923675338686,1
0.0402244833047687,0.0202193616870802,1
0.0458571490970569,0.0197724830321095,1
0.0378606807496672,0.0150734284432554,1
0.0410449795698683,0.015817924379573,1
0.0532283441492356,0.018612128830146,1
0.0560039109672367,0.0195509696893347,1
0.0712813004621605,0.0272611898578759,1
0.072988364224054,0.0277550715060369,1
0.0684256817805735,0.0268197663806062,1
0.0620864498480745,0.0240585756163781,1
0.0742246639763922,0.0298063907183846,1
0.0867292703663775,0.0300706027938485,1
0.0862147133916191,0.0319258243851818,1
0.08124081269383,0.0169413759073074,1
0.17611928033047,0.0212837366076664,1
0.178414924889931,0.0190237809939825,1
0.185257422796097,0.0207329187447721,1
0.187129360866443,0.0205932494758889,1
0.200186965927702,0.0211396487893388,1
0.228530999663369,0.0238626110797356,1
0.274951905756237,0.027119011676173,1
0.430023964140414,0.0425090946801727,1
0.610660677206271,0.0574206324538406,1
0.689955016853804,0.0874371091277631,1
0.507889948185409,0.116053464903121,1
0.495370401281966,0.192433575410425,1
0.355268247347307,0.13169382473749,1
0.186669828426265,0.0813236555669302,1
0.110636025984452,0.0447959190621388,1
0.0645720518522364,0.0239736191074457,1
0.0426116601483796,0.0218729855247744,1
0.0618807595622574,0.0326610391832324,1
0.0539433409163085,0.0268861724167107,1
0.0454176328434393,0.0217248217482956,1
0.0432324653165396,0.018667681702135,1
0.0345270792001149,0.0114627653757333,1
0.0293479852312647,0.00576390506037364,1
0.0676956782440024,0.0175427056562106,1
0.169678371730752,0.0471542497479766,1
0.205093761478323,0.0580254919784567,1
0.18315640418355,0.0402172630458641,1
0.284816875212116,0.0414957730371673,1
0.266720759815415,0.0344535742281109,1
0.245434040043566,0.0322406022705394,1
0.190694938149859,0.0259538798964042,1
0.145379203963258,0.0195931910291144,1
0.0926419433231602,0.011601031748137,1
0.116783043005037,0.0184427193341649,1
0.110059673185711,0.015648430688844,1
0.12290254117439,0.0182877388139653,1
0.120986300597811,0.0239295289353454,1
0.0579047282896785,0.0231322656456916,1
0.0466565738768854,0.0267240094527778,1
0.0244530208737409,0.0151556629042941,1
0.0170978734139114,0.00861254657456384,1
0.0164638836925182,0.0111898295227063,1
0.0162026577612856,0.00911336526892102,1
0.0183145086973806,0.0101431807208776,1
0.0385738988709562,0.0165580718646504,1
0.0734273496208604,0.0347149866088689,1
0.0862506071244668,0.0399729343118726,1
0.131562362223998,0.049946290115144,1
0.170003040493865,0.0498023472493092,1
0.398779967878915,0.0518579342699616,1
0.414763222304116,0.0343311698170586,1
0.398911439816878,0.0303563784644952,1
0.401031280963268,0.0310804487350017,1
0.33146094551545,0.0240958962758011,1
0.318140194128159,0.0248366407191791,1
0.32205493731676,0.0241561958834188,1
0.339670619982184,0.0252085766869206,1
0.346238424466749,0.0212746521426643,1
0.362217973150646,0.0225778761932412,1
0.182857965277255,0.0129042514360791,1
0.147062178653897,0.0160584030484265,1
0.145548474475085,0.0176538944223676,1
0.125673676259402,0.0158866862670137,1
0.151935242133189,0.0221585568087624,1
0.189982215444082,0.0168327383261096,1
0.212736003439366,0.0183530066978881,1
0.194717513706605,0.0151792710753755,1
0.186242143907729,0.0182275148337942,1
0.188133740547891,0.0171598638414044,1
0.251892842689911,0.0263814117601627,1
0.245053022182853,0.0101552778067709,1
0.286247166308789,0.0150720588253808,1
0.3852364765423,0.020571649871377,1
0.50816609729849,0.0300089133745426,1
0.527914766809101,0.036021857687934,1
0.593269361911374,0.0413779210264811,1
0.65788926435528,0.048561993702933,1
0.70041930504986,0.0560540956121278,1
0.594618950529362,0.0499972613921469,1
0.319015669859297,0.0406452809556132,1
0.0581984097014729,0.0393104268944725,1
0.0253737564289756,0.0101644971783154,1
0.020231012432172,0.0164265849801016,1
0.0226890106869421,0.009967778435433,1
0.0284687656976719,0.00196194448544701,1
0.0536062631454032,0.0120305155306745,1
0.0547408805151205,0.0105324743182241,1
0.0588754790983161,0.00438069682451122,1
0.122564693079031,0.0127425010396246,1
0.114388263722097,0.0113164435673513,1
0.186280391746737,0.0156331048010609,1
0.249154057027487,0.0129636999555494,1
0.250759640833664,0.0126581559326153,1
0.244756875932015,0.00482868196762242,1
0.577986949232593,0.0180800975019693,1
0.782607132398539,0.0157361267686331,1
0.720903961360349,0.0135419824466793,1
0.640095949598817,0.0125906646581701,1
0.634205130484789,0.0129573385967087,1
0.534736023812479,0.0100481687134499,1
0.526897563769821,0.013441086237916,1
0.531562864772298,0.0165073357177885,1
0.398256857779255,0.00982008435313954,1
0.338415327084952,0.013679828523583,1
0.187489018121448,0.00932532679256348,1
0.119343919417465,0.00609145387062141,1
0.123077534097671,0.00974014105840897,1
0.119519142177441,0.0110205700787386,1
0.14494056108269,0.00558515410836853,1
0.232793780285474,0.00504101060944449,1
0.270401240895867,0.00712531384430933,1
0.268480450351025,0.00800728395639358,1
0.278542238627402,0.0113859027428202,1
0.285773030435365,0.0120547575887504,1
0.280678365597942,0.0100965348411445,1
0.289805409120908,0.0119167178543624,1
0.287199568981018,0.0107270006153813,1
0.289666946675842,0.0100794639923938,1
0.246635311586105,0.0148636864509593,1
0.126976273900553,0.0204328135000268,1
0.181658526247906,0.0317727743311056,1
0.263990512925443,0.0514964878136808,1
0.270771975856126,0.034196488675415,1
0.22864591665987,0.0290778695104726,1
0.177528478328195,0.0276238808481171,1
0.176174590272894,0.0314005406306233,1
0.173194725008158,0.0263357049900514,1
0.196639697410399,0.0106038494907946,1
0.448421427579473,0.0168506631700896,1
0.550793258580859,0.0194202604731086,1
0.558211371192231,0.0165450822879533,1
0.556876659818035,0.0162681782978812,1
0.563334237451038,0.0187723384588921,1
0.59843602096616,0.0194383140725311,1
0.724790413044096,0.0247415347794493,1
0.79332219397995,0.0261906520664779,1
0.852862051573209,0.0293310999863628,1
1,0.0561173909739309,1
0.717829070186692,0.114879663875932,1
0.390839656089148,0.0723990160494349,1
0.262021001778719,0.104112245175095,1
0.214083995257297,0.0813487974190441,1
0.144661297937493,0.0505014926173987,1
0.120666530972352,0.055979003389415,1
0.113326515334795,0.0253921882727247,1
0.0821014055624734,0.0177612507746818,1
0.0479271749752887,0.0102841335401674,1
0.0478514296844957,0.0104582820608176,1
0.0564498153625356,0.0121985840856834,1
0.0855736439784118,0.0225400897322333,1
0.174241429590487,0.0428844269217753,1
0.185437663679981,0.0346111235696633,1
0.167675737990789,0.0313349069680332,1
0.124867228147124,0.0249721027695336,1
0.11679765726179,0.0345644221951901,1
0.115917569267125,0.0390161235883523,1
0.11763739890589,0.0323650975686148,1
0.0841126829826071,0.018164437903238,1
0.0734928755647252,0.0175886982460188,1
0.0817195130981331,0.021252070100972,1
0.0805241447315357,0.0265805788880663,1
0.173219276431923,0.0348968806104624,1
0.303640136018055,0.0393512614529855,1
0.290101453620793,0.0327313979319107,1
0.329124948263816,0.040412156092639,1
0.446472764339686,0.0385168009459745,1
0.430104025308976,0.0272516700790065,1
0.36954213099335,0.0241785696045412,1
0.319315071445202,0.0204883823735207,1
0.349762166692884,0.0203522730652678,1
0.435778788928596,0.0247126052131847,1
0.496480470408665,0.0368771018298717,1
0.479057582751059,0.0386582602748821,1
0.474932965392362,0.0423171256158051,1
0.471485160618778,0.0365864701823325,1
0.177954114416488,0.0127444125164202,1
0.142402911067006,0.0169158806403347,1
0.106557193491638,0.00367775134297529,1
0.337776400495989,0.0127898543587631,1
0.426511640287566,0.0115572917602329,1
0.399387638318005,0.0096318996740779,1
0.49789955318651,0.0128965163543287,1
0.503473187811081,0.00797670221021019,1
0.506364487773069,0.00716697679968279,1
0.420280217828853,0.00542305561110251,1
0.366087561315447,0.00428657683951559,1
0.373059766485099,0.00511762553099309,1
0.349101550446194,0.00562756552301375,1
0.324621417083619,0.0124996662214624,1
0.319914353957422,0.0195441735785898,1
0.322433825614302,0.0184358738480842,1
0.271389946765129,0.0146978797814981,1
0.371234522269669,0.0432367359382814,1
0.368991908469387,0.04778080309033,1
0.346556181301342,0.0422475340093774,1
0.355947191510487,0.0296738338140692,1
0.434236161127486,0.033848185386919,1
0.434844274795028,0.0305983430673306,1
0.396989039648783,0.0292978879133384,1
0.353269663803164,0.0254406864080091,1
0.349638903929859,0.0298507690453617,1
0.295516527909386,0.0304027207502211,1
0.244200076470375,0.020798487527514,1
0.341344014128074,0.0303702611981816,1
0.369470050951384,0.0363064687739687,1
0.368671590071021,0.0510479604871432,1
0.42208956541917,0.0588769217329267,1
0.433559697191809,0.0732376740510598,1
0.398466584649673,0.0613069595339094,1
0.286865679711673,0.055513677301297,1
0.168465542172826,0.035180685991871,1
0.0261377239401313,0,1
0.0177082520571018,0.0352671090255713,1
0.0174814387922267,0.0277855096441355,1
0.0172950679518746,0.0226614388135496,1
0.0182467870475753,0.0221249002281851,1
0.0180823545829811,0.0129032799107573,1
0.0548190081806579,0.0360000296502043,1
0.0867205453409686,0.0516739027570895,1
0.104756877830886,0.0626757279824244,1
0.085023785593333,0.0502445804958703,1
0.0748548875339873,0.046133743613165,1
0.0942610774610547,0.0232260272601856,1
0.169871348361654,0.0221954783840595,1
0.143640105905305,0.0155919710447495,1
0.145506814617787,0.0132703093254234,1
0.151933377810971,0.0132744677281383,1
0.152834491129623,0.0149799977379006,1
0.158825605206702,0.0145799975998555,1
0.168092431695681,0.0105841453644108,1
0.183507206363196,0.0134539120430102,1
0.168023145369121,0.00978647253675527,1
0.153740623122549,0.0123142047822939,1
0.135046876096911,0.016526862920113,1
0.0995361366844456,0.0138481374233526,1
0.0951006545214373,0.0179852469423953,1
0.102552358140987,0.0167998511499547,1
0.153051107100293,0.0213225500958778,1
0.147335087535146,0.0086373452018929,1
0.158170563307357,0.0244602684426315,1
0.1563349424576,0.0232585284061803,1
0.149778928303624,0.0238658480082086,1
0.156037237584636,0.0259527435626204,1
0.172778008431327,0.0332892616679239,1
0.205638331275996,0.0274852579191491,1
0.211684066208275,0.0240603043226617,1
0.195016207231542,0.0247144493130544,1
0.0870154380809988,0.0089187640786294,1
0.0922368665393709,0.0111787193873487,1
0.168284962973864,0.00787981323894137,1
0.231415404647498,0.0125500502000102,1
0.234811444691771,0.0115780103055709,1
0.240525281926491,0.0116917839563593,1
0.24701789230539,0.0114144593540934,1
0.256998588131425,0.014368626145988,1
0.228233034085354,0.0119904948725174,1
0.232333237191288,0.0123432454653218,1
0.277569193315296,0.00602530364310257,1
0.500286354095082,0.0176952682042498,1
0.481137855566152,0.0131451809177134,1
0.450600456586744,0.0112794976981148,1
0.421379918542429,0.00963028375373574,1
0.430467030219276,0.00838219278332274,1
0.490796721267387,0.0105640520966842,1
0.495004713175663,0.0102771534396548,1
0.509970100496693,0.0107839840009041,1
0.503482569767073,0.0101172207462451,1
0.473017958295391,0.0211562757489074,1
0.272559876836379,0.00830260553420987,1
0.372416236735413,0.0314874175694358,1
0.566113237475215,0.0473529674310172,1
0.668406150202939,0.0750891970588979,1
0.598320832911926,0.0869098498708833,1
0.632883494879163,0.096055438805539,1
0.588667394768954,0.0931080712233769,1
0.496220554070569,0.104135864650933,1
0.239860539500684,0.0556146050152577,1
0.0502679392977819,0.0108553247841495,1
0.019166442880682,0.0116924857982496,1
0.0397619917819296,0.0211743297911857,1
0.038268159931992,0.0198588841935073,1
0.0397122004640256,0.0213753770384101,1
0.0425750479827753,0.0247737260722878,1
0.0586867033239941,0.0328866430023199,1
0.0579943909224208,0.0276567603620441,1
0.0511161844804697,0.0255603131198521,1
0.129709899499776,0.0302901039253861,1
0.172347209094602,0.0211342505189054,1
0.156259935120947,0.0203487783450998,1
0.156795420916046,0.0215813862207507,1
0.133546934375707,0.0171449611150801,1
0.123929362859147,0.0148433193047965,1
0.121251268131588,0.0119436577062589,1
0.127755829778291,0.0142201954708142,1
0.226022697231666,0.0219100667115541,1
0.256414028151196,0.022831550834584,1
0.270929314269827,0.0326229884732565,1
0.262412451633571,0.0411297081748823,1
0.348607311210543,0.0343060800725575,1
0.349069024344083,0.0224908708150315,1
0.310374596657879,0.0206953645085645,1
0.239200111137584,0.0107333044063132,1
0.284342510052753,0.0129974848206294,1
0.244423852707817,0.0091140656430059,1
0.24302536981215,0.0110339417272481,1
0.265616156190961,0.00996964053360677,1
0.288118464151226,0.0107874162090559,1
0.267450685930872,0.0084864028812722,1
0.244033615668929,0.0117603076142904,1
0.219138741403032,0.0129507918404633,1
0.249414959919804,0.0155464669785347,1
0.251817765427125,0.0250094663684031,1
0.233326937948725,0.0261504043685283,1
0.270900084775094,0.0294544073685512,1
0.215539593702949,0.022306530482358,1
0.298084181321354,0.0298416103751054,1
0.349129719420449,0.0282864717386896,1
0.510993198978303,0.033396906747122,1
0.475515144636278,0.0298041227593966,1
0.514611920506789,0.0313864723276269,1
0.564220287299455,0.0311345457111587,1
0.535022548923932,0.0276011702107133,1
0.407709052174347,0.0228725155707124,1
0.24535425392646,0.012450932031292,1
0.210050151206631,0.00491752192688025,1
0.339257825521473,0.0106858538680883,1
0.332697653584059,0.0124368817085565,1
0.315841633043515,0.0148055575331073,1
0.292345101180582,0.0121748738313003,1
0.438716452756704,0.0137118292239801,1
0.585090847824105,0.0155889648686771,1
0.568338364145729,0.0150626421645997,1
0.602469065114252,0.015090811845545,1
0.66218350185471,0.0167521883722149,1
0.643753745314022,0.0239217588352246,1
0.373027124101784,0.0130818677331865,1
0.346436437232989,0.0106415934581763,1
0.331923341234543,0.00985681819516118,1
0.210319598245234,0.00378305531777502,1
0.180536233974505,0.0105307981536049,1
0.160224373343914,0.0156962373850878,1
0.124924457654993,0.00991195215988463,1
0.114148122685962,0.00896027861724359,1
0.199605320014815,0.0142116961827189,1
0.292972619203447,0.0233955077092544,1
0.307217343035632,0.0279498561579514,1
0.292073014134145,0.0270625420950939,1
0.300548433476834,0.027058425497669,1
0.233834763125642,0.0236247536067361,1
0.224053953639817,0.0251003348757601,1
0.21393128244228,0.0237422158873832,1
0.193589482596112,0.0263456509320234,1
0.0559278440418133,0.008016496451632,1
0.0486626177432602,0.0270566377479488,1
0.0488103517081627,0.025655630573738,1
0.0500203727299423,0.0161904138107416,1
0.0663510898572209,0.0219564356869382,1
0.0706803832476246,0.0330443473206805,1
0.0752380596885443,0.0360022367466866,1
0.0688339778763748,0.0296332053897513,1
0.0436988729258248,0.0189737962788633,1
0.0440941425779303,0.0172446760319048,1
0.0707041864959686,0.029010016253955,1
0.0699322103581592,0.0219414401312743,1
0.0703951340970289,0.0184947800087823,1
0.0618853414257208,0.0121237970494328,1
0.0646536021480401,0.014037284832373,1
0.0605226789990803,0.0129147049301287,1
0.0900431284079861,0.0195547610088064,1
0.101228109237807,0.0114138387664794,1
0.0870487708725758,0.00915345393536139,1
0.090256716564374,0.00728687872520815,1
0.164883499402483,0.0176812770975891,1
0.169274383421749,0.0177528185977388,1
0.164115868712763,0.0194659251457519,1
0.162445730035098,0.0220434624411925,1
0.144718695549444,0.0174881777374556,1
0.135841226861953,0.0163028202795939,1
0.129403744089624,0.0166683572066966,1
0.117074135779765,0.0273189857078912,1
0.109996976252527,0.0187173171780143,1
0.123243180077935,0.0248107550582621,1
0.17061260927737,0.0309852075009018,1
0.175847867641562,0.0238877321047183,1
0.178609352883652,0.0191420219370753,1
0.173519893635149,0.022291919850683,1
0.169830275712929,0.0229413696497559,1
0.162460136123226,0.0174684736799721,1
0.14318042114449,0.0155213546983959,1
0.106416046661519,0.00668889719073659,1
0.173390275230014,0.0183805955740693,1
0.218952989296616,0.0276126055471287,1
0.18554168873406,0.0156694668144961,1
0.189600983601083,0.0266566548065236,1
0.242073702704065,0.0269487574765601,1
0.355283258655632,0.0300676614809884,1
0.33840611332974,0.0277688111538885,1
0.338660005453509,0.0280042419832142,1
0.352443009734707,0.0261970373049448,1
0.413222470717104,0.0260392783399747,1
0.426397300415412,0.0294266316699228,1
0.436368068201415,0.0298268811050469,1
0.335084221740916,0.0198296399223654,1
0.325090852981715,0.0172079283331474,1
0.322520270595298,0.0230151721664674,1
0.386201615423405,0.0244950772515535,1
0.39588291613362,0.0190818920371859,1
0.410059103714535,0.0184032618817326,1
0.370611038028293,0.0175626165253244,1
0.415818958483606,0.026466150276352,1
0.396372610645779,0.025281645949561,1
0.220930026442,0.0126565816017005,1
0.189517517193522,0.0124442564887619,1
0.17705795788041,0.00931511105213755,1
0.161856249923895,0.00654200263381311,1
0.251817345449221,0.0186223145821989,1
0.171344490480089,0.0204031416395136,1
0.261158489843919,0.0356070218992142,1
0.325399580699214,0.0425841138640992,1
0.381727607882262,0.0505752323299633,1
0.410910617071473,0.0601276117089067,1
0.355747220264903,0.0523694515045143,1
0.334519597172458,0.0476717197440452,1
0.210931749642564,0.0456639722659381,1
0.0742869362384374,0.040757737785066,1
0.0532511491316208,0.0421199152673086,1
0.010303060254316,0.0140843011593228,1
0.0110864962418447,0.138367872012632,1
0.017768531611729,0.17148272476063,1
0.026318204357163,0.181075265690496,1
0.026894971821386,0.160934039508224,1
0.0233394645147626,0.109045114346524,1
0.0194305000353735,0.0903699292489213,1
0.0141068635049426,0.0736155225990526,1
0.00933719931676239,0.0485148214367096,1
0.00558628841944719,0.0364606735344233,1
0.00545384075349982,0.0448498093031701,1
0.00556802141752584,0.0403145292627522,1
0.00604102683615308,0.052619577694718,1
0.00365724469949658,0.0399385297796869,1
0.00386867221731294,0.0404107958911484,1
0.00746439001654501,0.0805478490160292,1
0.0110294743998027,0.134546317213067,1
0.0124322309099543,0.148839309355406,1
0.0134034698264768,0.177698103737087,1
0.0127238961620006,0.254925081124388,1
0.0091840999391321,0.22992555621615,1
0.00472125069282207,0.249537638107887,1
0.00337387622384306,0.22331264796772,1
0.00170416476093915,0.0607700212360576,1
0.00328077138310821,0.11509072881793,1
0.009235273000001,0.124634604472762,1
0.0163945120063307,0.15739446089984,1
0.0247934025592616,0.142708161463948,1
0.0233715028322298,0.0771977853746147,1
0.021132023302895,0.0699377135700399,1
0.0197003715164285,0.066191040655181,1
0.0167858336738657,0.0500762180270772,1
0.0116585651133848,0.0370858270464007,1
0.00787517549275801,0.0276226893766855,1
0.00731489571187096,0.0219134797821231,1
0.00774008354373274,0.0312153447351577,1
0.00781724199523772,0.0291111340665106,1
0.0052819328821543,0.023482888978249,1
0.00475950133065401,0.0334628051082902,1
0.00487454963029802,0.0332841129541753,1
0.00450813858438511,0.0323119795208225,1
0.00569558478917533,0.0508995719749391,1
0.00738546952347627,0.0648138666834459,1
0.00778406548760737,0.0895785197686092,1
0.00650568080794781,0.10691111801207,1
0.00677083605726052,0.11830994791019,1
0.00688600634512775,0.135884533334624,1
0.00729432122302983,0.185889662700237,1
0.00390672704025584,0.33453122048804,1
0.00160904274764715,0.482781044295945,1
0.000547275900121149,0.618542223779493,1
0.000303457718014789,0.451132908444504,1
0.000113973926395606,0.274459834001455,1
6.2423158315452e-05,0.186166279871741,1
0.000127398352395092,0.193280960884441,1
0.000492013892713461,0.366929501924481,1
0.000648220865127811,0.360468944975413,1
0.000782301896951435,0.316571989432693,1
0.000817613286609355,0.267576049779901,1
0.000849746652163105,0.202751579437571,1
0.000676137913312073,0.163712513147985,1
0.000840448011853638,0.155613884659849,1
0.00105538139178708,0.153453116016701,1
0.000819190662567148,0.109452660000691,1
0.000841540995639437,0.0965004604609093,1
0.000879263516216176,0.0748704521540599,1
0.00111823932847174,0.0596290246463506,1
0.00124275807632733,0.0586273348428961,1
0.00130979275693817,0.0634407749534235,1
0.00164599346130611,0.0786825178136364,1
0.00173569883283686,0.0846932491883567,1
0.00203032699165336,0.106612743071872,1
0.00206590671138075,0.119153424333501,1
0.00236866386633421,0.149363576095012,1
0.00205056047069967,0.157425864579825,1
0.00183371439253609,0.22169664505601,1
0.000530166365853225,0.292325458321817,1
0.000392875892958244,0.590777039809268,1
0.000224449970907813,0.537246564127351,1
0.000178466986701782,0.569421618209043,1
0.000121580864390619,0.426705184585935,0
0.000174738425122195,0.494379411521072,0
0.000175080413413402,0.396073136730791,0
0.000172796116604704,0.316044019202095,0
0.000323537672751088,0.329879485598605,0
0.000394549943540887,0.237193343964432,0
0.000334067432502088,0.204835422313625,0
0.000308188017957868,0.192356937072962,0
0.000297292509941071,0.156855564818845,0
0.000339593569160019,0.172806488606814,0
0.000382675573973469,0.204616768628534,0
0.000365336273194676,0.211900054362142,0
0.000356151452349934,0.225295987719243,0
0.000355937100812732,0.254262997440866,0
0.000272161086776893,0.303977681001391,0
0.000159279025885493,0.360080396576015,0
0.000173457712933384,0.415969963596172,0
0.000117223406276053,0.3660259067319,0
0.000106151870286819,0.597290968969432,0
0.000110048007805739,0.598906616850817,0
0.000114686595985932,0.603654952203779,0
0.000109670322624784,1,0
2.74403280166657e-05,0.750793793557946,0
4.61489468643021e-06,0.47642486141723,0
4.18083298443683e-06,0.487833721558919,0
6.73449918603095e-06,0.61563376864092,0
6.18466785007048e-06,0.54244063228684,0
6.12869391820361e-06,0.594679017454764,0
5.98585703472791e-06,0.608999655959666,0
5.97750969430496e-06,0.583703360768334,0
6.01861180670847e-06,0.60211035402394,0
4.87135139719222e-06,0.550190056118586,0
4.86683947409319e-06,0.570454056408347,0
4.83018241404495e-06,0.569246569441811,0
4.42388591276333e-06,0.543225615211851,0
2.44491429151214e-06,0.415506923667692,0
2.78333425845347e-06,0.287614695025981,0
0.000123832798098836,0.353985203535488,0
0.00040161562856611,0.495539561554292,0
0.000432815577575777,0.347596317365564,0
0.000420825688116149,0.337220409757355,0
0.000407141867382261,0.333772881615087,0
0.000405992469838362,0.336595974424395,0
0.000411636563368961,0.341190272265636,0
0.000425564449450337,0.344219179180001,0
0.000428755797209024,0.348584257782979,0
0.000429092932789784,0.360990337595773,0
0.000371156540526622,0.770749834644385,0
9.03993820390274e-05,0.491690349134675,0
8.18017448120796e-06,0.45315171502349,0
6.05269522043469e-06,0.657859821032494,0
2.38484213834877e-06,0.498384318959514,0
2.13346760411295e-06,0.486587780367727,0
1.97722459870051e-06,0.500504963278053,0
1.82136644124199e-06,0.479253058688547,0
1.78254787700679e-06,0.471562790114548,0
1.40694309752925e-06,0.414836398514797,0
1.29481548211693e-06,0.402581652347247,0
1.25979938722985e-06,0.40487432060167,0
1.01913976867148e-06,0.364929104240929,0
1.96102842657709e-06,0.438279450899179,0
2.78282249255731e-06,0.526857659321574,0
2.04914714446796e-05,0.283686923986485,0
0.000368484151070746,0.406335647327424,0
0.000910766572176199,0.659138345692333,0
0.00113703691387252,0.481497012008454,0
0.00110518579686095,0.460334978546359,0
0.00104457205773878,0.445392656857828,0
0.000939486832352971,0.377195998020937,0
0.000816946649825254,0.267868015580579,0
0.000736870875172035,0.180210614253361,0
0.000663597179317489,0.139174686802332,0
0.000727657740513541,0.159022498228429,0
0.000847249495639163,0.240398328121367,0
0.000721685756526206,0.21564008289608,0
0.000609400034500783,0.211208478371763,0
0.000614894885203596,0.217145154593624,0
0.000539779967560787,0.208508924498605,0
0.000532506965683631,0.224037192098243,0
0.000457941886395288,0.337316348249503,0
3.73184150183687e-05,0.201458654865361,0
4.74081034735664e-06,0.579398999153546,0
5.17601528562245e-06,0.574899784628913,0
5.9210856034079e-06,0.554828325173368,0
5.50200236314272e-06,0.513872750954829,0
5.93882994047664e-06,0.528371058260611,0
5.77817658531065e-06,0.514005035913188,0
5.74669625663038e-06,0.528601686326943,0
5.32186466686103e-06,0.516704250631718,1
3.63486358014765e-06,0.421127069160039,1
2.97855159989199e-06,0.423694170914457,1
2.85560691058144e-06,0.41936664861955,1
1.39343998377027e-05,0.33989755123346,1
0.00016396577055416,0.706345628796422,1
0.000345731226292346,0.978374109763747,1
0.000410257981655042,0.790921578924559,1
0.00075402168136116,0.284430859584855,1
0.00146032753977675,0.237151584695004,1
0.0013730486544812,0.196455920506579,1
0.00122136606710411,0.186546219859757,1
0.00102843322035711,0.170851452987521,1
0.000968363840477506,0.135965941173789,1
0.00122310993132812,0.154517663179364,1
0.00152065461123385,0.174299741935099,1
0.00184058486977284,0.187321057419004,1
0.00274386305739951,0.1460702200442,1
0.00343022069157005,0.0981962202610276,1
0.00342732308885759,0.105998885721929,1
0.00299677873495759,0.0862651471465409,1
0.00244053862876363,0.0705269816510189,1
0.00177749921286106,0.0558283405891133,1
0.00168470609448484,0.0588484364129926,1
0.00194451420530385,0.0605426078428857,1
0.00305723025384363,0.0804785877778617,1
0.0041661475756524,0.0964968827262756,1
0.00386601548906324,0.153285614609833,1
0.00284332433021585,0.25663042153181,1
